IUPAC,ion1,ion2,density
3-[3-(2-hydroxyethyl)-1H-imidazol-3-ium-1-yl]propanenitrile thiocyanate,[S-1][C][#N],[O][C][C][N+1][=C][N][Branch1][Branch1][C][=C][Ring1][Branch1][C][C][C][#N],1216.2
1-methyl-3-octyl-1H-imidazolium thiocyanate,[S-1][C][#N],[C][NH1+1][C][N][Branch1][Branch1][C][=C][Ring1][Branch1][C][C][C][C][C][C][C][C],1026.36
1-butyl-1-methylpyrrolidinium thiocyanate,[S-1][C][#N],[C][Branch1][Ring2][C][C][C][N+1][Branch1][#Branch1][C][C][C][C][Ring1][Branch1][C],1024.785
1-butyl-3-methylimidazolium thiocyanate,[S-1][C][#N],[C][Branch1][Ring2][C][C][C][N+1][=C][N][Branch1][Branch1][C][=C][Ring1][Branch1][C],1070.3125
1-butyl-4-methylpyridinium thiocyanate,[S-1][C][#N],[C][Branch1][Ring2][C][C][C][N+1][=C][C][=C][Branch1][Branch1][C][=C][Ring1][=Branch1][C],1061.42
3-butyl-1-(2-cyanoethyl)-imidazolium thiocyanate,[S-1][C][#N],[C][Branch1][Ring2][C][C][C][N][C][=N+1][Branch1][Branch1][C][=C][Ring1][Branch1][C][C][C][#N],1140.15
3-(3-allyl-1H-imidazol-3-ium-1-yl)propanenitrile thiocyanate,[S-1][C][#N],[C][Branch1][Ring1][C][=C][N+1][=C][N][Branch1][Branch1][C][=C][Ring1][Branch1][C][C][C][#N],1162.1
1-allyl-3-methylimidazolium thiocyanate,[S-1][C][#N],[C][Branch1][Ring1][C][=C][N+1][=C][N][Branch1][Branch1][C][=C][Ring1][Branch1][C],1167
1-ethyl-3-(2-methoxyethyl)imidazolium thiocyanate,[S-1][C][#N],[C][Branch1][C][C][N+1][=C][N][Branch1][Branch1][C][=C][Ring1][Branch1][C][C][O][C],1122.1
1-ethyl-3-methylimidazolium thiocyanate,[S-1][C][#N],[C][Branch1][C][C][N+1][=C][N][Branch1][Branch1][C][=C][Ring1][Branch1][C],1119.088889
2-octylisoquinolinium thiocyanate,[S-1][C][#N],[C][Branch1][Branch2][C][C][C][C][C][C][C][N+1][=C][C][=C][C][=C][C][=C][Ring1][=Branch1][C][=C][Ring1][#Branch2],1061.7
3-(3-benzyl-1H-imidazol-3-ium-1-yl)propanenitrile thiocyanate,[S-1][C][#N],[C][Branch1][=Branch2][C][=C][C][=C][C][=C][Ring1][=Branch1][N+1][=C][N][Branch1][Branch1][C][=C][Ring1][Branch1][C][C][C][#N],1174
1-hexyl-3-methylimidazolium thiocyanate,[S-1][C][#N],[C][Branch1][=Branch1][C][C][C][C][C][N+1][=C][N][Branch1][Branch1][C][=C][Ring1][Branch1][C],1056.816667
3-decyl-1-methyl-1H-imidazolium thiocyanate,[S-1][C][#N],[C][Branch1][#Branch2][C][C][C][C][C][C][C][C][C][N][C][NH1+1][Branch1][Branch1][C][=C][Ring1][Branch1][C],1011
1-methyl-3-octylimidazolium ethyl sulfate,[S][=Branch1][C][=O][=Branch1][C][=O][Branch1][Ring2][O][C][C][O-1],[C][N+1][=C][N][Branch1][Branch1][C][=C][Ring1][Branch1][C][C][C][C][C][C][C][C],1115.9
1-butyl-3-methyl-1H-imidazolium ethyl sulfate,[S][=Branch1][C][=O][=Branch1][C][=O][Branch1][Ring2][O][C][C][O-1],[C][Branch1][Ring2][C][C][C][NH1+1][C][N][Branch1][Branch1][C][=C][Ring1][Branch1][C],1198.9
"2-ethyl-1,1,3,3-tetramethylguanidinium ethyl sulfate",[S][=Branch1][C][=O][=Branch1][C][=O][Branch1][Ring2][O][C][C][O-1],[C][Branch1][C][C][NH1+1][=C][Branch1][=Branch1][N][Branch1][C][C][C][N][Branch1][C][C][C],1167.2
4-ethyl-4-methylmorpholinium ethyl sulfate,[S][=Branch1][C][=O][=Branch1][C][=O][Branch1][Ring2][O][C][C][O-1],[C][Branch1][C][C][N+1][Branch1][Branch2][C][C][O][C][C][Ring1][=Branch1][C],1252.3
1-ethyl-1-methylpiperidinium ethyl sulfate,[S][=Branch1][C][=O][=Branch1][C][=O][Branch1][Ring2][O][C][C][O-1],[C][Branch1][C][C][N+1][Branch1][Branch2][C][C][C][C][C][Ring1][=Branch1][C],1181.3
"1,3-diethylimidazolium ethyl sulfate",[S][=Branch1][C][=O][=Branch1][C][=O][Branch1][Ring2][O][C][C][O-1],[C][Branch1][C][C][N+1][=C][N][Branch1][Branch1][C][=C][Ring1][Branch1][C][C],1203.4
1-ethyl-3-methylimidazolium ethyl sulfate,[S][=Branch1][C][=O][=Branch1][C][=O][Branch1][Ring2][O][C][C][O-1],[C][Branch1][C][C][N+1][=C][N][Branch1][Branch1][C][=C][Ring1][Branch1][C],1236.760488
1-ethylpyridinium ethyl sulfate,[S][=Branch1][C][=O][=Branch1][C][=O][Branch1][Ring2][O][C][C][O-1],[C][Branch1][C][C][N+1][=C][C][=C][C][=C][Ring1][=Branch1],1252
1-hexyl-3-methylimidazolium ethyl sulfate,[S][=Branch1][C][=O][=Branch1][C][=O][Branch1][Ring2][O][C][C][O-1],[C][Branch1][=Branch1][C][C][C][C][C][N+1][=C][N][Branch1][Branch1][C][=C][Ring1][Branch1][C],1144.3
1-methyl-3-octylimidazolium methyl sulfate,[S][=Branch1][C][=O][=Branch1][C][=O][Branch1][Ring1][O][C][O-1],[C][N+1][=C][N][Branch1][Branch1][C][=C][Ring1][Branch1][C][C][C][C][C][C][C][C],1114.5
"1,3-dimethylpyridinium methyl sulfate",[S][=Branch1][C][=O][=Branch1][C][=O][Branch1][Ring1][O][C][O-1],[C][N+1][=C][C][=Branch1][=Branch1][=C][C][=C][Ring1][=Branch1][C],1302.5
tributylmethylphosphonium methyl sulfate,[S][=Branch1][C][=O][=Branch1][C][=O][Branch1][Ring1][O][C][O-1],[C][Branch1][Ring2][C][C][C][P+1][Branch1][C][C][Branch1][Branch1][C][C][C][C][C][C][C][C],1061.466667
1-butyl-1-methylpyrrolidinium methyl sulfate,[S][=Branch1][C][=O][=Branch1][C][=O][Branch1][Ring1][O][C][O-1],[C][Branch1][Ring2][C][C][C][N+1][Branch1][#Branch1][C][C][C][C][Ring1][Branch1][C],1166.85
1-butyl-3-methylimidazolium methyl sulfate,[S][=Branch1][C][=O][=Branch1][C][=O][Branch1][Ring1][O][C][O-1],[C][Branch1][Ring2][C][C][C][N+1][=C][N][Branch1][Branch1][C][=C][Ring1][Branch1][C],1209.161111
1-ethyl-3-methylimidazolium methyl sulfate,[S][=Branch1][C][=O][=Branch1][C][=O][Branch1][Ring1][O][C][O-1],[C][Branch1][C][C][N+1][=C][N][Branch1][Branch1][C][=C][Ring1][Branch1][C],1292.025556
2-ethyl-1-methylpyridinium methyl sulfate,[S][=Branch1][C][=O][=Branch1][C][=O][Branch1][Ring1][O][C][O-1],[C][Branch1][C][C][C][=N+1][Branch1][#Branch1][C][=C][C][=C][Ring1][=Branch1][C],1284.7
1-benzyl-3-methyl-1H-imidazolium methyl sulfate,[S][=Branch1][C][=O][=Branch1][C][=O][Branch1][Ring1][O][C][O-1],[C][Branch1][=Branch2][C][=C][C][=C][C][=C][Ring1][=Branch1][NH1+1][C][N][Branch1][Branch1][C][=C][Ring1][Branch1][C],1184.6
1-hexyl-3-methylimidazolium methyl sulfate,[S][=Branch1][C][=O][=Branch1][C][=O][Branch1][Ring1][O][C][O-1],[C][Branch1][=Branch1][C][C][C][C][C][N+1][=C][N][Branch1][Branch1][C][=C][Ring1][Branch1][C],1162.9
1-ethyl-3-methylimidazolium decyl sulfate,[S][=Branch1][C][=O][=Branch1][C][=O][Branch1][N][O][C][C][C][C][C][C][C][C][C][C][O-1],[C][Branch1][C][C][N+1][=C][N][Branch1][Branch1][C][=C][Ring1][Branch1][C],1100.7
"4-methyl-1-propyl-1,2,4-triazolium tosylate",[S][=Branch1][C][=O][=Branch1][C][=O][Branch1][C][O-1][C][=C][C][=C][Branch1][C][C][C][=C][Ring1][#Branch1],[C][N][C][=N][N+1][=Branch1][Ring2][=C][Ring1][Branch1][C][C][C],1224.8
tetradecyl(trihexyl)phosphonium tosylate,[S][=Branch1][C][=O][=Branch1][C][=O][Branch1][C][O-1][C][=C][C][=C][Branch1][C][C][C][=C][Ring1][#Branch1],[C][Branch1][=C][C][C][C][C][C][C][C][C][C][C][C][C][C][P+1][Branch1][#Branch1][C][C][C][C][C][C][Branch1][#Branch1][C][C][C][C][C][C][C][C][C][C][C][C],1003
trimethylammonium hydrogen sulfate,[S][=Branch1][C][=O][=Branch1][C][=O][Branch1][C][O][O-1],[C][NH1+1][Branch1][C][C][C],1467.59
"2,3-dimethyl-1-pentylimidazolium hydrogen sulfate",[S][=Branch1][C][=O][=Branch1][C][=O][Branch1][C][O][O-1],[C][C][=N+1][Branch1][#Branch1][C][=C][N][Ring1][Branch1][C][C][C][C][C][C],1190.1
"2,3-dimethyl-1-propylimidazolium hydrogen sulfate",[S][=Branch1][C][=O][=Branch1][C][=O][Branch1][C][O][O-1],[C][C][=N+1][Branch1][#Branch1][C][=C][N][Ring1][Branch1][C][C][C][C],1232.8
1-butyl-3-methylimidazolium hydrogen sulfate,[S][=Branch1][C][=O][=Branch1][C][=O][Branch1][C][O][O-1],[C][Branch1][Ring2][C][C][C][N+1][=C][N][Branch1][Branch1][C][=C][Ring1][Branch1][C],1220.1
"1-butyl-2,3-dimethylimidazolium hydrogen sulfate",[S][=Branch1][C][=O][=Branch1][C][=O][Branch1][C][O][O-1],[C][Branch1][Ring2][C][C][C][N+1][=C][Branch1][=Branch2][N][Branch1][Branch1][C][=C][Ring1][Branch1][C][C],1210.6
diethylammonium hydrogen sulfate,[S][=Branch1][C][=O][=Branch1][C][=O][Branch1][C][O][O-1],[C][Branch1][C][C][NH2+1][C][C],1380
1-ethyl-3-methylimidazolium hydrogen sulfate,[S][=Branch1][C][=O][=Branch1][C][=O][Branch1][C][O][O-1],[C][Branch1][C][C][N+1][=C][N][Branch1][Branch1][C][=C][Ring1][Branch1][C],1366.2425
"1-ethyl-2,3-dimethylimidazolium hydrogen sulfate",[S][=Branch1][C][=O][=Branch1][C][=O][Branch1][C][O][O-1],[C][Branch1][C][C][N+1][=C][Branch1][=Branch2][N][Branch1][Branch1][C][=C][Ring1][Branch1][C][C],1254.4
3-(2-cyanoethyl)-1-octyl-1H-imidazol-3-ium 3-sulfobenzoate,[S][=Branch1][C][=O][=Branch1][C][=O][Branch1][C][O][C][C][=C][Branch1][=Branch1][C][=Branch1][C][=O][O-1][C][=C][C][=Ring1][=Branch2],[C][#Branch1][C][#N][C][C][N+1][=C][N][Branch1][Branch1][C][=C][Ring1][Branch1][C][C][C][C][C][C][C][C],1182.8
3-(2-cyanoethyl)-1-hexyl-1H-imidazolium 3-sulfobenzoate,[S][=Branch1][C][=O][=Branch1][C][=O][Branch1][C][O][C][C][=C][Branch1][=Branch1][C][=Branch1][C][=O][O-1][C][=C][C][=Ring1][=Branch2],[C][#Branch1][C][#N][C][C][N][C][NH1+1][Branch1][Branch1][C][=C][Ring1][Branch1][C][C][C][C][C][C],1244.6
3-(2-cyanoethyl)-1-decylimidazolium 3-sulfobenzoate,[S][=Branch1][C][=O][=Branch1][C][=O][Branch1][C][O][C][C][=C][Branch1][=Branch1][C][=Branch1][C][=O][O-1][C][=C][C][=Ring1][=Branch2],[C][#Branch1][C][#N][C][C][N][C][=N+1][Branch1][Branch1][C][=C][Ring1][Branch1][C][C][C][C][C][C][C][C][C][C],1133.5
3-ethyl-1-methyl-1H-imidazolium hexyl sulfate,[S][=Branch1][C][=O][=Branch1][C][=O][Branch1][Branch2][O][C][C][C][C][C][C][O-1],[C][Branch1][C][C][N][C][NH1+1][Branch1][Branch1][C][=C][Ring1][Branch1][C],1129.925
1-butyl-3-(2-cyanoethyl)-1H-imidazol-3-ium dodecyl sulfate,[S][=Branch1][C][=O][=Branch1][C][=O][Branch1][=C][O][C][C][C][C][C][C][C][C][C][C][C][C][O-1],[C][Branch1][Ring2][C][C][C][N][C][=N+1][Branch1][Branch1][C][=C][Ring1][Branch1][C][C][C][#N],1123.2
"(S)-1,5-diisopropoxy-1,5-dioxopentan-2-aminium dodecyl sulfate",[S][=Branch1][C][=O][=Branch1][C][=O][Branch1][=C][O][C][C][C][C][C][C][C][C][C][C][C][C][O-1],[C][Branch1][C][C][Branch1][C][C][O][C][Branch1][P][C@H1][Branch1][=N][C][C][C][=Branch1][C][=O][O][C][Branch1][C][C][C][NH3+1][=O],1050.3
(S)-1-isopropoxy-3-methyl-1-oxobutan-2-aminium dodecyl sulfate,[S][=Branch1][C][=O][=Branch1][C][=O][Branch1][=C][O][C][C][C][C][C][C][C][C][C][C][C][C][O-1],[C][Branch1][C][C][Branch1][C][C][O][C][Branch1][#Branch2][C@H1][Branch1][=Branch1][C][Branch1][C][C][C][NH3+1][=O],1026.1
(S)-2-(isopropoxycarbonyl)pyrrolidin-1-ium dodecyl sulfate,[S][=Branch1][C][=O][=Branch1][C][=O][Branch1][=C][O][C][C][C][C][C][C][C][C][C][C][C][C][O-1],[C][Branch1][C][C][Branch1][C][C][O][C][=Branch1][C][=O][C@H1][NH2+1][C][C][C][Ring1][Branch1],1046.8
(S)-1-isobutoxy-1-oxopropan-2-aminium dodecyl sulfate,[S][=Branch1][C][=O][=Branch1][C][=O][Branch1][=C][O][C][C][C][C][C][C][C][C][C][C][C][C][O-1],[C][Branch1][=Branch1][C][Branch1][C][C][C][O][C][Branch1][=Branch1][C@H1][Branch1][C][C][NH3+1][=O],1041.8
(S)-2-(isobutoxycarbonyl)pyrrolidinium dodecyl sulfate,[S][=Branch1][C][=O][=Branch1][C][=O][Branch1][=C][O][C][C][C][C][C][C][C][C][C][C][C][C][O-1],[C][Branch1][=Branch1][C][Branch1][C][C][C][O][C][=Branch1][C][=O][C@H1][NH2+1][C][C][C][Ring1][Branch1],1035.9
3-(2-cyanoethyl)-1-hexyl-1H-imidazolium dodecyl sulfate,[S][=Branch1][C][=O][=Branch1][C][=O][Branch1][=C][O][C][C][C][C][C][C][C][C][C][C][C][C][O-1],[C][#Branch1][C][#N][C][C][N][C][NH1+1][Branch1][Branch1][C][=C][Ring1][Branch1][C][C][C][C][C][C],1097.8
1-methyl-3-octylimidazolium 2-(2-methoxyethoxy)ethyl sulfate,[S][=Branch1][C][=O][=Branch1][C][=O][Branch1][=Branch2][O][C][C][O][C][C][O][C][O-1],[C][N+1][=C][N][Branch1][Branch1][C][=C][Ring1][Branch1][C][C][C][C][C][C][C][C],1116.6
1-butyl-3-methylimidazolium 2-(2-methoxyethoxy)ethyl sulfate,[S][=Branch1][C][=O][=Branch1][C][=O][Branch1][=Branch2][O][C][C][O][C][C][O][C][O-1],[C][Branch1][Ring2][C][C][C][N+1][=C][N][Branch1][Branch1][C][=C][Ring1][Branch1][C],1183
3-ethyl-1-methylimidazolium butyl sulfate,[S][=Branch1][C][=O][=Branch1][C][=O][Branch1][=Branch1][O][C][C][C][C][O-1],[C][Branch1][C][C][N][C][=N+1][Branch1][Branch1][C][=C][Ring1][Branch1][C],1175.95
1-butyl-3-methylimidazolium octyl sulfate,[S][=Branch1][C][=O][=Branch1][C][=O][Branch1][#Branch2][O][C][C][C][C][C][C][C][C][O-1],[C][Branch1][Ring2][C][C][C][N+1][=C][N][Branch1][Branch1][C][=C][Ring1][Branch1][C],1066.22
1-ethyl-3-methylimidazolium octyl sulfate,[S][=Branch1][C][=O][=Branch1][C][=O][Branch1][#Branch2][O][C][C][C][C][C][C][C][C][O-1],[C][Branch1][C][C][N+1][=C][N][Branch1][Branch1][C][=C][Ring1][Branch1][C],1094.54
1-ethyl-1-methylpiperidin-1-ium ethyl phosphonate,[P][Branch1][Ring2][O][C][C][Branch1][C][O-1][=O],[C][Branch1][C][C][N+1][Branch1][Branch2][C][C][C][C][C][Ring1][=Branch1][C],1094.1
"1,3-dimethylimidazolium methyl phosphonate",[P][Branch1][Ring1][O][C][Branch1][C][O-1][=O],[C][N+1][=C][N][Branch1][Branch1][C][=C][Ring1][Branch1][C],1230.6
1-ethyl-3-methylimidazolium methyl phosphonate,[P][Branch1][Ring1][O][C][Branch1][C][O-1][=O],[C][Branch1][C][C][N+1][=C][N][Branch1][Branch1][C][=C][Ring1][Branch1][C],1191.8
1-butyl-1-methylpiperidin-1-ium butyl phosphonate,[P][Branch1][=Branch1][O][C][C][C][C][Branch1][C][O-1][=O],[C][Branch1][Ring2][C][C][C][N+1][Branch1][Branch2][C][C][C][C][C][Ring1][=Branch1][C],1053.61
1-butyl-1-methylpyrrolidin-1-ium butyl phosphonate,[P][Branch1][=Branch1][O][C][C][C][C][Branch1][C][O-1][=O],[C][Branch1][Ring2][C][C][C][N+1][Branch1][#Branch1][C][C][C][C][Ring1][Branch1][C],1081.6
1-methyl-1-octylpiperidin-1-ium octyl phosphonate,[P][Branch1][#Branch2][O][C][C][C][C][C][C][C][C][Branch1][C][O-1][=O],[C][N+1][Branch1][Branch2][C][C][C][C][C][Ring1][=Branch1][C][C][C][C][C][C][C][C],969.4
1-ethyl-3-methylimidazolium diethyl phosphate,[P][=Branch1][C][=O][Branch1][Ring2][O][C][C][Branch1][Ring2][O][C][C][O-1],[C][Branch1][C][C][N+1][=C][N][Branch1][Branch1][C][=C][Ring1][Branch1][C],1145.533333
"1,3-diethyl-1H-imidazol-3-ium diethyl phosphate",[P][=Branch1][C][=O][Branch1][Ring2][O][C][C][Branch1][Ring2][O][C][C][O-1],[C][Branch1][C][C][N][C][=N+1][Branch1][Branch1][C][=C][Ring1][Branch1][C][C],1125
1-(2-hydroxyethyl)-1-methylpyrrolidinium dimethyl phosphate,[P][=Branch1][C][=O][Branch1][Ring1][O][C][Branch1][Ring1][O][C][O-1],[O][C][C][N+1][Branch1][#Branch1][C][C][C][C][Ring1][Branch1][C],1229.8
trimethylammonium dihydrogen phosphate,[P][=Branch1][C][=O][Branch1][C][O][Branch1][C][O][O-1],[C][NH1+1][Branch1][C][C][C],1353.605
1-methyl-3-pentylimidazolium dihydrogen phosphate,[P][=Branch1][C][=O][Branch1][C][O][Branch1][C][O][O-1],[C][N+1][=C][N][Branch1][Branch1][C][=C][Ring1][Branch1][C][C][C][C][C],1142.3
1-methyl-3-propylimidazolium dihydrogen phosphate,[P][=Branch1][C][=O][Branch1][C][O][Branch1][C][O][O-1],[C][N+1][=C][N][Branch1][Branch1][C][=C][Ring1][Branch1][C][C][C],1195.5
1-butyl-3-methylimidazolium dihydrogen phosphate,[P][=Branch1][C][=O][Branch1][C][O][Branch1][C][O][O-1],[C][Branch1][Ring2][C][C][C][N+1][=C][N][Branch1][Branch1][C][=C][Ring1][Branch1][C],1176.5
triethylammonium dihydrogen phosphate,[P][=Branch1][C][=O][Branch1][C][O][Branch1][C][O][O-1],[C][Branch1][C][C][NH1+1][Branch1][Ring1][C][C][C][C],1125.7
1-ethylpyridinium triflate,[O-1][S][=Branch1][C][=O][=Branch1][C][=O][C][Branch1][C][F][Branch1][C][F][F],[C][Branch1][C][C][N+1][=C][C][=C][C][=C][Ring1][=Branch1],1404.8
"2-hydroxy-N,N,N-trimethylethanaminium 2-(bis(2-hydroxyethyl)amino)ethanesulfonate",[O][C][C][N][Branch1][O][C][C][S][=Branch1][C][=O][=Branch1][C][=O][O-1][C][C][O],[O][C][C][N+1][Branch1][C][C][Branch1][C][C][C],1244.8
tetrabutylphosphonium 2-(bis(2-hydroxyethyl)amino)ethanesulfonate,[O][C][C][N][Branch1][O][C][C][S][=Branch1][C][=O][=Branch1][C][=O][O-1][C][C][O],[C][Branch1][Ring2][C][C][C][P+1][Branch1][Branch1][C][C][C][C][Branch1][Branch1][C][C][C][C][C][C][C][C],1061
tetrabutylphosphonium 2-hydroxy-3-morpholinopropanesulfonate,[O][C][Branch1][#Branch2][C][S][=Branch1][C][=O][=Branch1][C][=O][O-1][C][N][C][C][O][C][C][Ring1][=Branch1],[C][Branch1][Ring2][C][C][C][P+1][Branch1][Branch1][C][C][C][C][Branch1][Branch1][C][C][C][C][C][C][C][C],1056.8
"2-hydroxy-N,N,N-trimethylethanaminium (S)-2-hydroxypropanoate",[O][C@H1][Branch1][=Branch1][C][=Branch1][C][=O][O-1][C],[O][C][C][N+1][Branch1][C][C][Branch1][C][C][C],1138
3-ethyl-1-methylimidazolium (S)-2-hydroxypropanoate,[O][C@H1][Branch1][=Branch1][C][=Branch1][C][=O][O-1][C],[C][Branch1][C][C][N][C][=N+1][Branch1][Branch1][C][=C][Ring1][Branch1][C],1146.1
1-ethyl-3-methylimidazolium ammonioacetate,[NH3+1][C][C][=Branch1][C][=O][O-1],[C][Branch1][C][C][N+1][=C][N][Branch1][Branch1][C][=C][Ring1][Branch1][C],1157.85
"1,1,3,3-tetramethylguanidinium imidazol-1-ide",[N-1][C][=N][C][=C][Ring1][Branch1],[C][N][Branch1][#Branch2][C][=Branch1][C][=NH2+1][N][Branch1][C][C][C][C],992.8
1-isopropyl-3-methylimidazolium bis(pentafluoroethylsulfonyl)imide,[N-1][Branch2][Ring1][#Branch1][S][=Branch1][C][=O][=Branch1][C][=O][C][Branch1][C][F][Branch1][C][F][C][Branch1][C][F][Branch1][C][F][F][S][=Branch1][C][=O][=Branch1][C][=O][C][Branch1][C][F][Branch1][C][F][C][Branch1][C][F][Branch1][C][F][F],[C][Branch1][C][C][Branch1][C][C][N+1][=C][N][Branch1][Branch1][C][=C][Ring1][Branch1][C],1551.3
1-tert-butyl-3-methylimidazolium bis(pentafluoroethylsulfonyl)imide,[N-1][Branch2][Ring1][#Branch1][S][=Branch1][C][=O][=Branch1][C][=O][C][Branch1][C][F][Branch1][C][F][C][Branch1][C][F][Branch1][C][F][F][S][=Branch1][C][=O][=Branch1][C][=O][C][Branch1][C][F][Branch1][C][F][C][Branch1][C][F][Branch1][C][F][F],[C][Branch1][C][C][Branch1][C][C][Branch1][C][C][N+1][=C][N][Branch1][Branch1][C][=C][Ring1][Branch1][C],1525.2
choline bis(trifluoromethylsulfonyl)imide,[N-1][Branch1][S][S][=Branch1][C][=O][=Branch1][C][=O][C][Branch1][C][F][Branch1][C][F][F][S][=Branch1][C][=O][=Branch1][C][=O][C][Branch1][C][F][Branch1][C][F][F],[O][C][C][N+1][Branch1][C][C][Branch1][C][C][C],1526.07
1-(2-hydroxyethyl)-3-methylimidazolium bis[(trifluoromethyl)sulfonyl]imide,[N-1][Branch1][S][S][=Branch1][C][=O][=Branch1][C][=O][C][Branch1][C][F][Branch1][C][F][F][S][=Branch1][C][=O][=Branch1][C][=O][C][Branch1][C][F][Branch1][C][F][F],[O][C][C][N+1][=C][N][Branch1][Branch1][C][=C][Ring1][Branch1][C],1574.35
1-(2-hydroxyethyl)-pyridinium bis(trifluoromethylsulfonyl)imide,[N-1][Branch1][S][S][=Branch1][C][=O][=Branch1][C][=O][C][Branch1][C][F][Branch1][C][F][F][S][=Branch1][C][=O][=Branch1][C][=O][C][Branch1][C][F][Branch1][C][F][F],[O][C][C][N+1][=C][C][=C][C][=C][Ring1][=Branch1],1589.51
1-(2-methoxyethyl)-1-methylpiperidinium bis(trifluoromethylsulfonyl)imide,[N-1][Branch1][S][S][=Branch1][C][=O][=Branch1][C][=O][C][Branch1][C][F][Branch1][C][F][F][S][=Branch1][C][=O][=Branch1][C][=O][C][Branch1][C][F][Branch1][C][F][F],[C][O][C][C][N+1][Branch1][Branch2][C][C][C][C][C][Ring1][=Branch1][C],1433.2
"N,N,N-Trimethyl-1-decanaminium bis[(trifluoromethyl)sulfonyl]imide",[N-1][Branch1][S][S][=Branch1][C][=O][=Branch1][C][=O][C][Branch1][C][F][Branch1][C][F][F][S][=Branch1][C][=O][=Branch1][C][=O][C][Branch1][C][F][Branch1][C][F][F],[C][N+1][Branch1][O][C][C][C][C][C][C][C][C][C][C][Branch1][C][C][C],1226
1-methyl-1-propylpiperidinium bis(trifluoromethylsulfonyl)imide,[N-1][Branch1][S][S][=Branch1][C][=O][=Branch1][C][=O][C][Branch1][C][F][Branch1][C][F][F][S][=Branch1][C][=O][=Branch1][C][=O][C][Branch1][C][F][Branch1][C][F][F],[C][N+1][Branch1][Branch2][C][C][C][C][C][Ring1][=Branch1][C][C][C],1410.9
1-methyl-1-propylpyrrolidinium bis[(trifluoromethyl)sulfonyl]imide,[N-1][Branch1][S][S][=Branch1][C][=O][=Branch1][C][=O][C][Branch1][C][F][Branch1][C][F][F][S][=Branch1][C][=O][=Branch1][C][=O][C][Branch1][C][F][Branch1][C][F][F],[C][N+1][Branch1][#Branch1][C][C][C][C][Ring1][Branch1][C][C][C],1427.954286
1-methyl-3-nonylimidazolium bis(trifluoromethanesulfonyl)imide,[N-1][Branch1][S][S][=Branch1][C][=O][=Branch1][C][=O][C][Branch1][C][F][Branch1][C][F][F][S][=Branch1][C][=O][=Branch1][C][=O][C][Branch1][C][F][Branch1][C][F][F],[C][N+1][=C][N][Branch1][Branch1][C][=C][Ring1][Branch1][C][C][C][C][C][C][C][C][C],1299
1-methyl-3-octylimidazolium bis(trifluoromethylsulfonyl)imide,[N-1][Branch1][S][S][=Branch1][C][=O][=Branch1][C][=O][C][Branch1][C][F][Branch1][C][F][F][S][=Branch1][C][=O][=Branch1][C][=O][C][Branch1][C][F][Branch1][C][F][F],[C][N+1][=C][N][Branch1][Branch1][C][=C][Ring1][Branch1][C][C][C][C][C][C][C][C],1320.691429
1-methyl-3-pentylimidazolium bis(trifluoromethylsulfonyl)imide,[N-1][Branch1][S][S][=Branch1][C][=O][=Branch1][C][=O][C][Branch1][C][F][Branch1][C][F][F][S][=Branch1][C][=O][=Branch1][C][=O][C][Branch1][C][F][Branch1][C][F][F],[C][N+1][=C][N][Branch1][Branch1][C][=C][Ring1][Branch1][C][C][C][C][C],1402.495714
1-methyl-3-propylimidazolium bis[(trifluoromethyl)sulfonyl]imide,[N-1][Branch1][S][S][=Branch1][C][=O][=Branch1][C][=O][C][Branch1][C][F][Branch1][C][F][F][S][=Branch1][C][=O][=Branch1][C][=O][C][Branch1][C][F][Branch1][C][F][F],[C][N+1][=C][N][Branch1][Branch1][C][=C][Ring1][Branch1][C][C][C],1474.757
1-methyl-3-(1-methylethyl)imidazolium bis[(trifluoromethyl)sulfonyl]imide,[N-1][Branch1][S][S][=Branch1][C][=O][=Branch1][C][=O][C][Branch1][C][F][Branch1][C][F][F][S][=Branch1][C][=O][=Branch1][C][=O][C][Branch1][C][F][Branch1][C][F][F],[C][N+1][=C][N][Branch1][Branch1][C][=C][Ring1][Branch1][C][Branch1][C][C][C],1477.2
"1,2-dimethyl-3-propylimidazolium bis[(trifluoromethyl)sulfonyl]imide",[N-1][Branch1][S][S][=Branch1][C][=O][=Branch1][C][=O][C][Branch1][C][F][Branch1][C][F][F][S][=Branch1][C][=O][=Branch1][C][=O][C][Branch1][C][F][Branch1][C][F][F],[C][N+1][=C][Branch1][O][N][Branch1][Branch1][C][=C][Ring1][Branch1][C][C][C][C],1454
"1,2-dimethyl-3-pentylimidazolium bis((trifluoromethyl)sulfonyl)imide",[N-1][Branch1][S][S][=Branch1][C][=O][=Branch1][C][=O][C][Branch1][C][F][Branch1][C][F][F][S][=Branch1][C][=O][=Branch1][C][=O][C][Branch1][C][F][Branch1][C][F][F],[C][N+1][=C][Branch1][=N][N][Branch1][Branch1][C][=C][Ring1][Branch1][C][C][C][C][C][C],1395.5
3-methyl-1-propylpyridinium bis(trifluoromethylsulfonyl)imide,[N-1][Branch1][S][S][=Branch1][C][=O][=Branch1][C][=O][C][Branch1][C][F][Branch1][C][F][F][S][=Branch1][C][=O][=Branch1][C][=O][C][Branch1][C][F][Branch1][C][F][F],[C][C][C][=N+1][Branch1][=Branch1][C][=C][C][=Ring1][=Branch1][C][C][C],1448.758
1-(3-methylbutyl)-3-methylimidazolium bis[(trifluoromethyl)sulfonyl]imide,[N-1][Branch1][S][S][=Branch1][C][=O][=Branch1][C][=O][C][Branch1][C][F][Branch1][C][F][F][S][=Branch1][C][=O][=Branch1][C][=O][C][Branch1][C][F][Branch1][C][F][F],[C][C][Branch1][=N][C][C][N+1][=C][N][Branch1][Branch1][C][=C][Ring1][Branch1][C][C],1403.3
1-(4-methylpentyl)-3-methylimidazolium bis[(trifluoromethyl)sulfonyl]imide,[N-1][Branch1][S][S][=Branch1][C][=O][=Branch1][C][=O][C][Branch1][C][F][Branch1][C][F][F][S][=Branch1][C][=O][=Branch1][C][=O][C][Branch1][C][F][Branch1][C][F][F],[C][C][Branch1][=C][C][C][C][N+1][=C][N][Branch1][Branch1][C][=C][Ring1][Branch1][C][C],1372.4
1-(5-methylhexyl)-3-methylimidazolium bis[(trifluoromethyl)sulfonyl]imide,[N-1][Branch1][S][S][=Branch1][C][=O][=Branch1][C][=O][C][Branch1][C][F][Branch1][C][F][F][S][=Branch1][C][=O][=Branch1][C][=O][C][Branch1][C][F][Branch1][C][F][F],[C][C][Branch1][#C][C][C][C][C][N+1][=C][N][Branch1][Branch1][C][=C][Ring1][Branch1][C][C],1344.2
1-butyltetrahydrothiophenium bis(trifluoromethylsulfonyl)imide,[N-1][Branch1][S][S][=Branch1][C][=O][=Branch1][C][=O][C][Branch1][C][F][Branch1][C][F][F][S][=Branch1][C][=O][=Branch1][C][=O][C][Branch1][C][F][Branch1][C][F][F],[C][Branch1][Ring2][C][C][C][S+1][C][C][C][C][Ring1][Branch1],1456
"N-butyl-N,N-dimethyl-N-(2-hydroxyethyl)ammonium bis(trifluoromethanesulfonyl)imide",[N-1][Branch1][S][S][=Branch1][C][=O][=Branch1][C][=O][C][Branch1][C][F][Branch1][C][F][F][S][=Branch1][C][=O][=Branch1][C][=O][C][Branch1][C][F][Branch1][C][F][F],[C][Branch1][Ring2][C][C][C][N+1][Branch1][Ring2][C][C][O][Branch1][C][C][C],1414.85
butyltrimethylammonium bis(trifluoromethylsulfonyl)imide,[N-1][Branch1][S][S][=Branch1][C][=O][=Branch1][C][=O][C][Branch1][C][F][Branch1][C][F][F][S][=Branch1][C][=O][=Branch1][C][=O][C][Branch1][C][F][Branch1][C][F][F],[C][Branch1][Ring2][C][C][C][N+1][Branch1][C][C][Branch1][C][C][C],1390.864444
tributylmethylammonium bis((trifluoromethyl)sulfonyl)imide,[N-1][Branch1][S][S][=Branch1][C][=O][=Branch1][C][=O][C][Branch1][C][F][Branch1][C][F][F][S][=Branch1][C][=O][=Branch1][C][=O][C][Branch1][C][F][Branch1][C][F][F],[C][Branch1][Ring2][C][C][C][N+1][Branch1][C][C][Branch1][Branch1][C][C][C][C][C][C][C][C],1261.95
1-butyl-1-methylpiperidinium bis(trifluoromethanesulfonyl)imide,[N-1][Branch1][S][S][=Branch1][C][=O][=Branch1][C][=O][C][Branch1][C][F][Branch1][C][F][F][S][=Branch1][C][=O][=Branch1][C][=O][C][Branch1][C][F][Branch1][C][F][F],[C][Branch1][Ring2][C][C][C][N+1][Branch1][Branch2][C][C][C][C][C][Ring1][=Branch1][C],1381.1
1-butyl-1-methylpyrrolidinium bis[(trifluoromethyl)sulfonyl]imide,[N-1][Branch1][S][S][=Branch1][C][=O][=Branch1][C][=O][C][Branch1][C][F][Branch1][C][F][F][S][=Branch1][C][=O][=Branch1][C][=O][C][Branch1][C][F][Branch1][C][F][F],[C][Branch1][Ring2][C][C][C][N+1][Branch1][#Branch1][C][C][C][C][Ring1][Branch1][C],1395.122222
1-butyl-3-pentylimidazolium bis((trifluoromethyl)sulfonyl)imide,[N-1][Branch1][S][S][=Branch1][C][=O][=Branch1][C][=O][C][Branch1][C][F][Branch1][C][F][F][S][=Branch1][C][=O][=Branch1][C][=O][C][Branch1][C][F][Branch1][C][F][F],[C][Branch1][Ring2][C][C][C][N+1][=C][N][Branch1][Branch1][C][=C][Ring1][Branch1][C][C][C][C][C],1317.6
1-butyl-3-methylimidazolium bis(trifluoromethylsulfonyl)imide,[N-1][Branch1][S][S][=Branch1][C][=O][=Branch1][C][=O][C][Branch1][C][F][Branch1][C][F][F][S][=Branch1][C][=O][=Branch1][C][=O][C][Branch1][C][F][Branch1][C][F][F],[C][Branch1][Ring2][C][C][C][N+1][=C][N][Branch1][Branch1][C][=C][Ring1][Branch1][C],1436.2376
1-butylpyridinium bis[(trifluoromethyl)sulfonyl]imide,[N-1][Branch1][S][S][=Branch1][C][=O][=Branch1][C][=O][C][Branch1][C][F][Branch1][C][F][F][S][=Branch1][C][=O][=Branch1][C][=O][C][Branch1][C][F][Branch1][C][F][F],[C][Branch1][Ring2][C][C][C][N+1][=C][C][=C][C][=C][Ring1][=Branch1],1450.85125
1-butyl-4-cyanopyridinium bis(trifluoromethylsulfonyl)imide,[N-1][Branch1][S][S][=Branch1][C][=O][=Branch1][C][=O][C][Branch1][C][F][Branch1][C][F][F][S][=Branch1][C][=O][=Branch1][C][=O][C][Branch1][C][F][Branch1][C][F][F],[C][Branch1][Ring2][C][C][C][N+1][=C][C][=C][Branch1][Branch1][C][=C][Ring1][=Branch1][C][#N],1474.2
1-butyl-3-cyanopyridinium bis(trifluoromethylsulfonyl)imide,[N-1][Branch1][S][S][=Branch1][C][=O][=Branch1][C][=O][C][Branch1][C][F][Branch1][C][F][F][S][=Branch1][C][=O][=Branch1][C][=O][C][Branch1][C][F][Branch1][C][F][F],[C][Branch1][Ring2][C][C][C][N+1][=C][C][=Branch1][=Branch1][=C][C][=C][Ring1][=Branch1][C][#N],1479.4
"1-butyl-3,5-dimethyl-2-pentylpyridinium bis(trifluoromethylsulfonyl)imide",[N-1][Branch1][S][S][=Branch1][C][=O][=Branch1][C][=O][C][Branch1][C][F][Branch1][C][F][F][S][=Branch1][C][=O][=Branch1][C][=O][C][Branch1][C][F][Branch1][C][F][F],[C][Branch1][Ring2][C][C][C][N+1][=C][Branch1][=N][C][=Branch1][=Branch2][=C][C][=Branch1][Ring2][=C][Ring1][=Branch1][C][C][C][C][C][C][C],1288.23
2-butyl-1-ethylpyridin-1-ium bis((trifluoromethyl)sulfonyl)imide,[N-1][Branch1][S][S][=Branch1][C][=O][=Branch1][C][=O][C][Branch1][C][F][Branch1][C][F][F][S][=Branch1][C][=O][=Branch1][C][=O][C][Branch1][C][F][Branch1][C][F][F],[C][Branch1][Ring2][C][C][C][C][=N+1][Branch1][#Branch1][C][=C][C][=C][Ring1][=Branch1][C][C],1409.1
1-dodecylpyridinium bis(trifluoromethylsulfonyl)imide,[N-1][Branch1][S][S][=Branch1][C][=O][=Branch1][C][=O][C][Branch1][C][F][Branch1][C][F][F][S][=Branch1][C][=O][=Branch1][C][=O][C][Branch1][C][F][Branch1][C][F][F],[C][Branch1][N][C][C][C][C][C][C][C][C][C][C][C][N+1][=C][C][=C][C][=C][Ring1][=Branch1],1248.8
triethylsulfonium bis((trifluoromethyl)sulfonyl)imide,[N-1][Branch1][S][S][=Branch1][C][=O][=Branch1][C][=O][C][Branch1][C][F][Branch1][C][F][F][S][=Branch1][C][=O][=Branch1][C][=O][C][Branch1][C][F][Branch1][C][F][F],[C][Branch1][C][C][S+1][Branch1][Ring1][C][C][C][C],1461.05
diethylmethylsulfonium bis[(trifluoromethyl)sulfonyl]imide,[N-1][Branch1][S][S][=Branch1][C][=O][=Branch1][C][=O][C][Branch1][C][F][Branch1][C][F][F][S][=Branch1][C][=O][=Branch1][C][=O][C][Branch1][C][F][Branch1][C][F][F],[C][Branch1][C][C][S+1][Branch1][C][C][C][C],1502.3
"2-ethyl-1,1,3,3-tetramethylguanidinium bis(trifluoromethanesulfonyl)imide",[N-1][Branch1][S][S][=Branch1][C][=O][=Branch1][C][=O][C][Branch1][C][F][Branch1][C][F][F][S][=Branch1][C][=O][=Branch1][C][=O][C][Branch1][C][F][Branch1][C][F][F],[C][Branch1][C][C][NH1+1][=C][Branch1][=Branch1][N][Branch1][C][C][C][N][Branch1][C][C][C],1410
"N-ethyl-N,N-dimethyl-2-methoxyethylammonium bis(trifluoromethylsulfonyl)imide",[N-1][Branch1][S][S][=Branch1][C][=O][=Branch1][C][=O][C][Branch1][C][F][Branch1][C][F][F][S][=Branch1][C][=O][=Branch1][C][=O][C][Branch1][C][F][Branch1][C][F][F],[C][Branch1][C][C][N+1][Branch1][C][C][Branch1][C][C][C][C][O][C],1437.45
"N-ethyl-2-(2-methoxyethoxy)-N,N-dimethylethanaminium bis(trifluoromethylsulfonyl)imide",[N-1][Branch1][S][S][=Branch1][C][=O][=Branch1][C][=O][C][Branch1][C][F][Branch1][C][F][F][S][=Branch1][C][=O][=Branch1][C][=O][C][Branch1][C][F][Branch1][C][F][F],[C][Branch1][C][C][N+1][Branch1][Branch2][C][C][O][C][C][O][C][Branch1][C][C][C],1391.1
triethyloctylammonium bis[(trifluoromethyl)sulfonyl]imide,[N-1][Branch1][S][S][=Branch1][C][=O][=Branch1][C][=O][C][Branch1][C][F][Branch1][C][F][F][S][=Branch1][C][=O][=Branch1][C][=O][C][Branch1][C][F][Branch1][C][F][F],[C][Branch1][C][C][N+1][Branch1][=Branch2][C][C][C][C][C][C][C][C][Branch1][Ring1][C][C][C][C],1251.2
triethylpentylammonium bis(trifluoromethylsulfonyl)imide,[N-1][Branch1][S][S][=Branch1][C][=O][=Branch1][C][=O][C][Branch1][C][F][Branch1][C][F][F][S][=Branch1][C][=O][=Branch1][C][=O][C][Branch1][C][F][Branch1][C][F][F],[C][Branch1][C][C][N+1][Branch1][=Branch1][C][C][C][C][C][Branch1][Ring1][C][C][C][C],1321.5
triethylhexylammonium bis((trifluoromethyl)sulfonyl)imide,[N-1][Branch1][S][S][=Branch1][C][=O][=Branch1][C][=O][C][Branch1][C][F][Branch1][C][F][F][S][=Branch1][C][=O][=Branch1][C][=O][C][Branch1][C][F][Branch1][C][F][F],[C][Branch1][C][C][N+1][Branch1][#Branch1][C][C][C][C][C][C][Branch1][Ring1][C][C][C][C],1285.2
1-ethylimidazolium bis[(trifluoromethyl)sulfonyl]imide,[N-1][Branch1][S][S][=Branch1][C][=O][=Branch1][C][=O][C][Branch1][C][F][Branch1][C][F][F][S][=Branch1][C][=O][=Branch1][C][=O][C][Branch1][C][F][Branch1][C][F][F],[C][Branch1][C][C][N+1][=C][N][C][=C][Ring1][Branch1],1572.9
1-ethyl-3-(2-methoxyethyl)imidazolium bis(trifluoromethylsulfonyl)imide,[N-1][Branch1][S][S][=Branch1][C][=O][=Branch1][C][=O][C][Branch1][C][F][Branch1][C][F][F][S][=Branch1][C][=O][=Branch1][C][=O][C][Branch1][C][F][Branch1][C][F][F],[C][Branch1][C][C][N+1][=C][N][Branch1][Branch1][C][=C][Ring1][Branch1][C][C][O][C],1462.38
1-ethyl-3-pentylimidazolium bis((trifluoromethyl)sulfonyl)imide,[N-1][Branch1][S][S][=Branch1][C][=O][=Branch1][C][=O][C][Branch1][C][F][Branch1][C][F][F][S][=Branch1][C][=O][=Branch1][C][=O][C][Branch1][C][F][Branch1][C][F][F],[C][Branch1][C][C][N+1][=C][N][Branch1][Branch1][C][=C][Ring1][Branch1][C][C][C][C][C],1389.4
1-ethyl-3-propylimidazolium bis(trifluoromethylsulfonyl)imide,[N-1][Branch1][S][S][=Branch1][C][=O][=Branch1][C][=O][C][Branch1][C][F][Branch1][C][F][F][S][=Branch1][C][=O][=Branch1][C][=O][C][Branch1][C][F][Branch1][C][F][F],[C][Branch1][C][C][N+1][=C][N][Branch1][Branch1][C][=C][Ring1][Branch1][C][C][C],1453.6
"1,3-diethylimidazolium bis[(trifluoromethyl)sulfonyl]imide",[N-1][Branch1][S][S][=Branch1][C][=O][=Branch1][C][=O][C][Branch1][C][F][Branch1][C][F][F][S][=Branch1][C][=O][=Branch1][C][=O][C][Branch1][C][F][Branch1][C][F][F],[C][Branch1][C][C][N+1][=C][N][Branch1][Branch1][C][=C][Ring1][Branch1][C][C],1463.2
1-ethyl-3-methylimidazolium bis((trifluoromethyl)sulfonyl)imide,[N-1][Branch1][S][S][=Branch1][C][=O][=Branch1][C][=O][C][Branch1][C][F][Branch1][C][F][F][S][=Branch1][C][=O][=Branch1][C][=O][C][Branch1][C][F][Branch1][C][F][F],[C][Branch1][C][C][N+1][=C][N][Branch1][Branch1][C][=C][Ring1][Branch1][C],1518.3932
1-ethylpyridinium bis[(trifluoromethyl)sulfonyl]imide,[N-1][Branch1][S][S][=Branch1][C][=O][=Branch1][C][=O][C][Branch1][C][F][Branch1][C][F][F][S][=Branch1][C][=O][=Branch1][C][=O][C][Branch1][C][F][Branch1][C][F][F],[C][Branch1][C][C][N+1][=C][C][=C][C][=C][Ring1][=Branch1],1535.872
"1-ethyl-3,5-dimethyl-2-pentylpyridinium bis(trifluoromethylsulfonyl)imide",[N-1][Branch1][S][S][=Branch1][C][=O][=Branch1][C][=O][C][Branch1][C][F][Branch1][C][F][F][S][=Branch1][C][=O][=Branch1][C][=O][C][Branch1][C][F][Branch1][C][F][F],[C][Branch1][C][C][N+1][=C][Branch1][=N][C][=Branch1][=Branch2][=C][C][=Branch1][Ring2][=C][Ring1][=Branch1][C][C][C][C][C][C][C],1323.9
"1-ethyl-2,3-dimethylimidazolium bis[(trifluoromethyl)sulfonyl]imide",[N-1][Branch1][S][S][=Branch1][C][=O][=Branch1][C][=O][C][Branch1][C][F][Branch1][C][F][F][S][=Branch1][C][=O][=Branch1][C][=O][C][Branch1][C][F][Branch1][C][F][F],[C][Branch1][C][C][N+1][=C][Branch1][=Branch2][N][Branch1][Branch1][C][=C][Ring1][Branch1][C][C],1491.85
1-ethyl-2-octylpyridin-1-ium bis((trifluoromethyl)sulfonyl)imide,[N-1][Branch1][S][S][=Branch1][C][=O][=Branch1][C][=O][C][Branch1][C][F][Branch1][C][F][F][S][=Branch1][C][=O][=Branch1][C][=O][C][Branch1][C][F][Branch1][C][F][F],[C][Branch1][C][C][N+1][=C][Branch1][#Branch1][C][=C][C][=C][Ring1][=Branch1][C][C][C][C][C][C][C][C],1297.4
1-ethyl-2-heptylpyridin-1-ium bis((trifluoromethyl)sulfonyl)imide,[N-1][Branch1][S][S][=Branch1][C][=O][=Branch1][C][=O][C][Branch1][C][F][Branch1][C][F][F][S][=Branch1][C][=O][=Branch1][C][=O][C][Branch1][C][F][Branch1][C][F][F],[C][Branch1][C][C][N+1][=C][Branch1][#Branch1][C][=C][C][=C][Ring1][=Branch1][C][C][C][C][C][C][C],1320.8
1-ethyl-2-hexylpyridin-1-ium bis((trifluoromethyl)sulfonyl)imide,[N-1][Branch1][S][S][=Branch1][C][=O][=Branch1][C][=O][C][Branch1][C][F][Branch1][C][F][F][S][=Branch1][C][=O][=Branch1][C][=O][C][Branch1][C][F][Branch1][C][F][F],[C][Branch1][C][C][N+1][=C][Branch1][#Branch1][C][=C][C][=C][Ring1][=Branch1][C][C][C][C][C][C],1344.3
1-ethyl-2-pentylpyridin-1-ium bis((trifluoromethyl)sulfonyl)imide,[N-1][Branch1][S][S][=Branch1][C][=O][=Branch1][C][=O][C][Branch1][C][F][Branch1][C][F][F][S][=Branch1][C][=O][=Branch1][C][=O][C][Branch1][C][F][Branch1][C][F][F],[C][Branch1][C][C][N+1][=C][Branch1][#Branch1][C][=C][C][=C][Ring1][=Branch1][C][C][C][C][C],1371.1
1-ethyl-2-propylpyridin-1-ium bis((trifluoromethyl)sulfonyl)imide,[N-1][Branch1][S][S][=Branch1][C][=O][=Branch1][C][=O][C][Branch1][C][F][Branch1][C][F][F][S][=Branch1][C][=O][=Branch1][C][=O][C][Branch1][C][F][Branch1][C][F][F],[C][Branch1][C][C][N+1][=C][Branch1][#Branch1][C][=C][C][=C][Ring1][=Branch1][C][C][C],1447.2
"1,2-diethylpyridin-1-ium bis((trifluoromethyl)sulfonyl)imide",[N-1][Branch1][S][S][=Branch1][C][=O][=Branch1][C][=O][C][Branch1][C][F][Branch1][C][F][F][S][=Branch1][C][=O][=Branch1][C][=O][C][Branch1][C][F][Branch1][C][F][F],[C][Branch1][C][C][N+1][=C][Branch1][#Branch1][C][=C][C][=C][Ring1][=Branch1][C][C],1470.6
"1,2,3-tris(diethylamino)-cyclopropenylium bis(trifluoromethylsulfonyl)imide",[N-1][Branch1][S][S][=Branch1][C][=O][=Branch1][C][=O][C][Branch1][C][F][Branch1][C][F][F][S][=Branch1][C][=O][=Branch1][C][=O][C][Branch1][C][F][Branch1][C][F][F],[C][Branch1][C][C][N][Branch2][Ring1][=Branch1][C+1][C][=Branch1][O][=C][Ring1][Ring1][N][Branch1][Ring1][C][C][C][C][N][Branch1][Ring1][C][C][C][C][C][C],1273.4
1-tert-butyl-3-methylimidazolium bis(trifluoromethylsulfonyl)imide,[N-1][Branch1][S][S][=Branch1][C][=O][=Branch1][C][=O][C][Branch1][C][F][Branch1][C][F][F][S][=Branch1][C][=O][=Branch1][C][=O][C][Branch1][C][F][Branch1][C][F][F],[C][Branch1][C][C][Branch1][C][C][Branch1][C][C][N+1][=C][N][Branch1][Branch1][C][=C][Ring1][Branch1][C],1446.6
benzyldimethyldodecylammonium bis(trifluoromethylsulfonyl)imide,[N-1][Branch1][S][S][=Branch1][C][=O][=Branch1][C][=O][C][Branch1][C][F][Branch1][C][F][F][S][=Branch1][C][=O][=Branch1][C][=O][C][Branch1][C][F][Branch1][C][F][F],[C][Branch1][=Branch2][C][=C][C][=C][C][=C][Ring1][=Branch1][N+1][Branch1][=N][C][C][C][C][C][C][C][C][C][C][C][C][Branch1][C][C][C],1212.9
trihexyl(tetradecyl)phosphonium bis[(trifluoromethyl)sulfonyl]imide,[N-1][Branch1][S][S][=Branch1][C][=O][=Branch1][C][=O][C][Branch1][C][F][Branch1][C][F][F][S][=Branch1][C][=O][=Branch1][C][=O][C][Branch1][C][F][Branch1][C][F][F],[C][Branch1][=Branch1][C][C][C][C][C][P+1][Branch1][#C][C][C][C][C][C][C][C][C][C][C][C][C][C][C][Branch1][#Branch1][C][C][C][C][C][C][C][C][C][C][C][C],1063.423333
"N-Hexyl-N,N-dimethyl-1-propanaminium bis[(trifluoromethyl)sulfonyl]imide",[N-1][Branch1][S][S][=Branch1][C][=O][=Branch1][C][=O][C][Branch1][C][F][Branch1][C][F][F][S][=Branch1][C][=O][=Branch1][C][=O][C][Branch1][C][F][Branch1][C][F][F],[C][Branch1][=Branch1][C][C][C][C][C][N+1][Branch1][Ring2][C][C][C][Branch1][C][C][C],1285
hexyltrimethylammonium bis[(trifluoromethyl)sulfonyl]imide,[N-1][Branch1][S][S][=Branch1][C][=O][=Branch1][C][=O][C][Branch1][C][F][Branch1][C][F][F][S][=Branch1][C][=O][=Branch1][C][=O][C][Branch1][C][F][Branch1][C][F][F],[C][Branch1][=Branch1][C][C][C][C][C][N+1][Branch1][C][C][Branch1][C][C][C],1311
1-hexyl-1-methylpyrrolidinium bis(trifluoromethanesulfonyl)imide,[N-1][Branch1][S][S][=Branch1][C][=O][=Branch1][C][=O][C][Branch1][C][F][Branch1][C][F][F][S][=Branch1][C][=O][=Branch1][C][=O][C][Branch1][C][F][Branch1][C][F][F],[C][Branch1][=Branch1][C][C][C][C][C][N+1][Branch1][#Branch1][C][C][C][C][Ring1][Branch1][C],1334.6
1-hexyl-3-methylimidazolium bis[(trifluoromethyl)sulfonyl]imide,[N-1][Branch1][S][S][=Branch1][C][=O][=Branch1][C][=O][C][Branch1][C][F][Branch1][C][F][F][S][=Branch1][C][=O][=Branch1][C][=O][C][Branch1][C][F][Branch1][C][F][F],[C][Branch1][=Branch1][C][C][C][C][C][N+1][=C][N][Branch1][Branch1][C][=C][Ring1][Branch1][C],1371.231842
1-hexyl-3-methylimidazolium bis[(trifluoromethyl)sulfonyl]imide,[N-1][Branch1][S][S][=Branch1][C][=O][=Branch1][C][=O][C][Branch1][C][F][Branch1][C][F][F][S][=Branch1][C][=O][=Branch1][C][=O][C][Branch1][C][F][Branch1][C][F][F],[C][Branch1][=Branch1][C][C][C][C][C][N+1][=C][N][Branch1][Branch1][C][=C][Ring1][Branch1][C],1371.231842
1-hexyl-4-cyanopyridinium bis(trifluoromethylsulfonyl)imide,[N-1][Branch1][S][S][=Branch1][C][=O][=Branch1][C][=O][C][Branch1][C][F][Branch1][C][F][F][S][=Branch1][C][=O][=Branch1][C][=O][C][Branch1][C][F][Branch1][C][F][F],[C][Branch1][=Branch1][C][C][C][C][C][N+1][=C][C][=C][Branch1][Branch1][C][=C][Ring1][=Branch1][C][#N],1407.05
1-hexyl-4-methylpyridinium bis(trifluoromethanesulfonyl)imide,[N-1][Branch1][S][S][=Branch1][C][=O][=Branch1][C][=O][C][Branch1][C][F][Branch1][C][F][F][S][=Branch1][C][=O][=Branch1][C][=O][C][Branch1][C][F][Branch1][C][F][F],[C][Branch1][=Branch1][C][C][C][C][C][N+1][=C][C][=C][Branch1][Branch1][C][=C][Ring1][=Branch1][C],1351.8
"1-hexyl-3,5-dimethyl-2-pentylpyridinium bis(trifluoromethylsulfonyl)imide",[N-1][Branch1][S][S][=Branch1][C][=O][=Branch1][C][=O][C][Branch1][C][F][Branch1][C][F][F][S][=Branch1][C][=O][=Branch1][C][=O][C][Branch1][C][F][Branch1][C][F][F],[C][Branch1][=Branch1][C][C][C][C][C][N+1][=C][Branch1][=N][C][=Branch1][=Branch2][=C][C][=Branch1][Ring2][=C][Ring1][=Branch1][C][C][C][C][C][C][C],1253.47
"1-hexyl-2,3,5-trimethylpyridinium bis(trifluoromethylsulfonyl)imide",[N-1][Branch1][S][S][=Branch1][C][=O][=Branch1][C][=O][C][Branch1][C][F][Branch1][C][F][F][S][=Branch1][C][=O][=Branch1][C][=O][C][Branch1][C][F][Branch1][C][F][F],[C][Branch1][=Branch1][C][C][C][C][C][N+1][=C][Branch1][=N][C][=Branch1][=Branch2][=C][C][=Branch1][Ring2][=C][Ring1][=Branch1][C][C][C],1336.18
"1-hexyl-2,3-dimethylimidazolium bis[(trifluoromethyl)sulfonyl]imide",[N-1][Branch1][S][S][=Branch1][C][=O][=Branch1][C][=O][C][Branch1][C][F][Branch1][C][F][F][S][=Branch1][C][=O][=Branch1][C][=O][C][Branch1][C][F][Branch1][C][F][F],[C][Branch1][=Branch1][C][C][C][C][C][N+1][=C][Branch1][=Branch2][N][Branch1][Branch1][C][=C][Ring1][Branch1][C][C],1353.1
1-isobutyl-1-methylpyrrolidinium bis((trifluoromethyl)sulfonyl)imide,[N-1][Branch1][S][S][=Branch1][C][=O][=Branch1][C][=O][C][Branch1][C][F][Branch1][C][F][F][S][=Branch1][C][=O][=Branch1][C][=O][C][Branch1][C][F][Branch1][C][F][F],[C][Branch1][=Branch1][C][Branch1][C][C][C][N+1][Branch1][#Branch1][C][C][C][C][Ring1][Branch1][C],1400
1-isobutyl-3-methylpyridinium bis((trifluoromethyl)sulfonyl)imide,[N-1][Branch1][S][S][=Branch1][C][=O][=Branch1][C][=O][C][Branch1][C][F][Branch1][C][F][F][S][=Branch1][C][=O][=Branch1][C][=O][C][Branch1][C][F][Branch1][C][F][F],[C][Branch1][=Branch1][C][Branch1][C][C][C][N+1][=C][C][=Branch1][=Branch1][=C][C][=C][Ring1][=Branch1][C],1412.6
1-decylpyridinium bis(trifluoromethylsulfonyl)imide,[N-1][Branch1][S][S][=Branch1][C][=O][=Branch1][C][=O][C][Branch1][C][F][Branch1][C][F][F][S][=Branch1][C][=O][=Branch1][C][=O][C][Branch1][C][F][Branch1][C][F][F],[C][Branch1][#Branch2][C][C][C][C][C][C][C][C][C][N+1][=C][C][=C][C][=C][Ring1][=Branch1],1283.5
1-cyclopentyl-3-butylimidazolium bis((trifluoromethyl)sulfonyl)imide,[N-1][Branch1][S][S][=Branch1][C][=O][=Branch1][C][=O][C][Branch1][C][F][Branch1][C][F][F][S][=Branch1][C][=O][=Branch1][C][=O][C][Branch1][C][F][Branch1][C][F][F],[C][Branch1][#Branch1][C][C][C][C][Ring1][Branch1][N+1][=C][N][Branch1][Branch1][C][=C][Ring1][Branch1][C][C][C][C],1378.5
N-(3-hydroxypropyl)pyridinium dicyanamide,[N-1][Branch1][Ring1][C][#N][C][#N],[O][C][C][C][N+1][=C][C][=C][C][=C][Ring1][=Branch1],1171
1-(3-azido-2-bromopropyl)-3-methyl-3H-imidazol-1-ium dicyanamide,[N-1][Branch1][Ring1][C][#N][C][#N],[N][=Branch1][Ring1][=N+1][=N-1][C][C][Branch1][N][C][N+1][=C][N][Branch1][Branch1][C][=C][Ring1][Branch1][C][Br],1280
1-(2-azido-3-bromopropyl)-3-methyl-3H-imidazol-1-ium dicyanamide,[N-1][Branch1][Ring1][C][#N][C][#N],[N][=Branch1][Ring1][=N+1][=N-1][C][Branch1][N][C][N+1][=C][N][Branch1][Branch1][C][=C][Ring1][Branch1][C][C][Br],1280
1-(2-azido-3-bromopropyl)-3-vinyl-3H-imidazol-1-ium dicyanamide,[N-1][Branch1][Ring1][C][#N][C][#N],[N][=Branch1][Ring1][=N+1][=N-1][C][Branch1][=N][C][N+1][=C][N][Branch1][Branch1][C][=C][Ring1][Branch1][C][=C][C][Br],1310
1-(2-chloroethyl)-3-methylimidazolium dicyanamide,[N-1][Branch1][Ring1][C][#N][C][#N],[Cl][C][C][N+1][=C][N][Branch1][Branch1][C][=C][Ring1][Branch1][C],1238.7
1-methyl-1-propylpyrrolidinium dicyanamide,[N-1][Branch1][Ring1][C][#N][C][#N],[C][N+1][Branch1][#Branch1][C][C][C][C][Ring1][Branch1][C][C][C],1026.8
1-methyl-3-propylimidazolium dicyanamide,[N-1][Branch1][Ring1][C][#N][C][#N],[C][N+1][=C][N][Branch1][Branch1][C][=C][Ring1][Branch1][C][C][C],1076.9
3-methyl-1-pentylimidazolium dicyanamide,[N-1][Branch1][Ring1][C][#N][C][#N],[C][N][C][=N+1][Branch1][Branch1][C][=C][Ring1][Branch1][C][C][C][C][C],1049.5
1-butyl-1-methylpiperidinium dicyanamide,[N-1][Branch1][Ring1][C][#N][C][#N],[C][Branch1][Ring2][C][C][C][N+1][Branch1][Branch2][C][C][C][C][C][Ring1][=Branch1][C],1016.13
1-butyl-1-methylpyrrolidinium dicyanamide,[N-1][Branch1][Ring1][C][#N][C][#N],[C][Branch1][Ring2][C][C][C][N+1][Branch1][#Branch1][C][C][C][C][Ring1][Branch1][C],1014.211429
1-butyl-3-methylimidazolium dicyanamide,[N-1][Branch1][Ring1][C][#N][C][#N],[C][Branch1][Ring2][C][C][C][N+1][=C][N][Branch1][Branch1][C][=C][Ring1][Branch1][C],1060.395556
1-butylpyridinium dicyanamide,[N-1][Branch1][Ring1][C][#N][C][#N],[C][Branch1][Ring2][C][C][C][N+1][=C][C][=C][C][=C][Ring1][=Branch1],1068.9
1-butyl-3-methylpyridinium dicyanamide,[N-1][Branch1][Ring1][C][#N][C][#N],[C][Branch1][Ring2][C][C][C][N+1][=C][C][=Branch1][=Branch1][=C][C][=C][Ring1][=Branch1][C],1049.55
1-propylpyridinium dicyanamide,[N-1][Branch1][Ring1][C][#N][C][#N],[C][Branch1][Ring1][C][C][N+1][=C][C][=C][C][=C][Ring1][=Branch1],1090.1
1-allyl-3-vinylimidazolium dicyanamide,[N-1][Branch1][Ring1][C][#N][C][#N],[C][Branch1][Ring1][C][=C][N+1][=C][N][Branch1][Branch1][C][=C][Ring1][Branch1][C][=C],1190
1-allyl-3-methylimidazolium dicyanamide,[N-1][Branch1][Ring1][C][#N][C][#N],[C][Branch1][Ring1][C][=C][N+1][=C][N][Branch1][Branch1][C][=C][Ring1][Branch1][C],1114.95
"N-ethyl-N,N-dimethylprop-2-en-1-aminium dicyanamide",[N-1][Branch1][Ring1][C][#N][C][#N],[C][Branch1][C][C][N+1][Branch1][Ring2][C][C][=C][Branch1][C][C][C],1009.8
N-ethyl-N-methylmorpholinium dicyanamide,[N-1][Branch1][Ring1][C][#N][C][#N],[C][Branch1][C][C][N+1][Branch1][Branch2][C][C][O][C][C][Ring1][=Branch1][C],1145.7
1-ethyl-3-(2-methoxyethyl)imidazolium dicyanamide,[N-1][Branch1][Ring1][C][#N][C][#N],[C][Branch1][C][C][N+1][=C][N][Branch1][Branch1][C][=C][Ring1][Branch1][C][C][O][C],1113.6
1-ethyl-3-methylimidazolium dicyanamide,[N-1][Branch1][Ring1][C][#N][C][#N],[C][Branch1][C][C][N+1][=C][N][Branch1][Branch1][C][=C][Ring1][Branch1][C],1103.266667
1-ethylpyridinium dicyanamide,[N-1][Branch1][Ring1][C][#N][C][#N],[C][Branch1][C][C][N+1][=C][C][=C][C][=C][Ring1][=Branch1],1118.495
"N,N,N-trioctyl-N-methylammonium dicyanamide",[N-1][Branch1][Ring1][C][#N][C][#N],[C][Branch1][Branch2][C][C][C][C][C][C][C][N+1][Branch1][C][C][Branch1][=Branch2][C][C][C][C][C][C][C][C][C][C][C][C][C][C][C][C],890
1-pentylpyridinium dicyanamide,[N-1][Branch1][Ring1][C][#N][C][#N],[C][Branch1][Branch1][C][C][C][C][N+1][=C][C][=C][C][=C][Ring1][=Branch1],1053.1
tetradecyl(trihexyl)phosphonium dicyanamide,[N-1][Branch1][Ring1][C][#N][C][#N],[C][Branch1][=C][C][C][C][C][C][C][C][C][C][C][C][C][C][P+1][Branch1][#Branch1][C][C][C][C][C][C][Branch1][#Branch1][C][C][C][C][C][C][C][C][C][C][C][C],901.4333333
1-hexyl-3-methylimidazolium dicyanamide,[N-1][Branch1][Ring1][C][#N][C][#N],[C][Branch1][=Branch1][C][C][C][C][C][N+1][=C][N][Branch1][Branch1][C][=C][Ring1][Branch1][C],1032.2
1-hexylpyridinium dicyanamide,[N-1][Branch1][Ring1][C][#N][C][#N],[C][Branch1][=Branch1][C][C][C][C][C][N+1][=C][C][=C][C][=C][Ring1][=Branch1],1036.4
pyrrolidinium nitrate,[N+1][=Branch1][C][=O][Branch1][C][O-1][O-1],[NH2+1][C][C][C][C][Ring1][Branch1],1168
"N-methyl-N,N,N-trioctylammonium nitrate",[N+1][=Branch1][C][=O][Branch1][C][O-1][O-1],[C][N+1][Branch1][=Branch2][C][C][C][C][C][C][C][C][Branch1][=Branch2][C][C][C][C][C][C][C][C][C][C][C][C][C][C][C][C],912.3
"4-methyl-1-propyl-1,2,4-triazolium nitrate",[N+1][=Branch1][C][=O][Branch1][C][O-1][O-1],[C][N][C][=N][N+1][=Branch1][Ring2][=C][Ring1][Branch1][C][C][C],1236.7
n-butylammonium nitrate,[N+1][=Branch1][C][=O][Branch1][C][O-1][O-1],[C][Branch1][Ring2][C][C][C][NH3+1],1103.5
1-butyl-3-methylimidazolium nitrate,[N+1][=Branch1][C][=O][Branch1][C][O-1][O-1],[C][Branch1][Ring2][C][C][C][N+1][=C][N][Branch1][Branch1][C][=C][Ring1][Branch1][C],1155.85
1-butylpyridinium nitrate,[N+1][=Branch1][C][=O][Branch1][C][O-1][O-1],[C][Branch1][Ring2][C][C][C][N+1][=C][C][=C][C][=C][Ring1][=Branch1],1188.5
ethylammonium nitrate,[N+1][=Branch1][C][=O][Branch1][C][O-1][O-1],[C][Branch1][C][C][NH3+1],1208.515
1-octylpyridinium nitrate,[N+1][=Branch1][C][=O][Branch1][C][O-1][O-1],[C][Branch1][Branch2][C][C][C][C][C][C][C][N+1][=C][C][=C][C][=C][Ring1][=Branch1],1089.5
1-hexyl-3-methylimidazolium nitrate,[N+1][=Branch1][C][=O][Branch1][C][O-1][O-1],[C][Branch1][=Branch1][C][C][C][C][C][N+1][=C][N][Branch1][Branch1][C][=C][Ring1][Branch1][C],1117.5
tetrabutylphosphonium 2-aminoethanesulfonate,[N][C][C][S][=Branch1][C][=O][=Branch1][C][=O][O-1],[C][Branch1][Ring2][C][C][C][P+1][Branch1][Branch1][C][C][C][C][Branch1][Branch1][C][C][C][C][C][C][C][C],1026.8
"N,N-dibutyl-N-methyl-1-butanaminium 2-aminoethanesulfonate",[N][C][C][S][=Branch1][C][=O][=Branch1][C][=O][O-1],[C][Branch1][Ring2][C][C][C][N+1][Branch1][Branch1][C][C][C][C][Branch1][C][C][C][C][C][C],1051.1
1-butyl-3-methylimidazolium taurate,[N][C][C][S][=Branch1][C][=O][=Branch1][C][=O][O-1],[C][Branch1][Ring2][C][C][C][N+1][=C][N][Branch1][Branch1][C][=C][Ring1][Branch1][C],1192.1
1-ethyl-3-methylimidazolium taurinate,[N][C][C][S][=Branch1][C][=O][=Branch1][C][=O][O-1],[C][Branch1][C][C][N+1][=C][N][Branch1][Branch1][C][=C][Ring1][Branch1][C],1252
"2-hydroxy-N,N,N-trimethylethanaminium .beta.-alaninate",[N][C][C][C][=Branch1][C][=O][O-1],[O][C][C][N+1][Branch1][C][C][Branch1][C][C][C],1120.3
"2-hydroxy-N,N,N-trimethylethanaminium glycinate",[N][C][C][=Branch1][C][=O][O-1],[O][C][C][N+1][Branch1][C][C][Branch1][C][C][C],1145.2
1-butyl-3-methylimidazolium glycinate,[N][C][C][=Branch1][C][=O][O-1],[C][Branch1][Ring2][C][C][C][N+1][=C][N][Branch1][Branch1][C][=C][Ring1][Branch1][C],1119.7
"1-butyl-2,3-dimethylimidazolium glycinate",[N][C][C][=Branch1][C][=O][O-1],[C][Branch1][Ring2][C][C][C][N+1][=C][Branch1][=Branch2][N][Branch1][Branch1][C][=C][Ring1][Branch1][C][C],1125.4
1-propyl-3-methylimidazolium glycine,[N][C][C][=Branch1][C][=O][O],[C][Branch1][Ring1][C][C][N+1][=C][N][Branch1][Branch1][C][=C][Ring1][Branch1][C],1135.8
"1-butyl-2,3-dimethylimidazolium DL-alaninate",[N][C][Branch1][C][C][C][=Branch1][C][=O][O-1],[C][Branch1][Ring2][C][C][C][N+1][=C][Branch1][=Branch2][N][Branch1][Branch1][C][=C][Ring1][Branch1][C][C],1088.3
3-methyl-1-propyl-1H-imidazolium (S)-2-amino-4-carboxybutanoate,[N][C@H1][Branch1][=Branch1][C][=Branch1][C][=O][O-1][C][C][C][=Branch1][C][=O][O],[C][N][C][NH1+1][Branch1][Branch1][C][=C][Ring1][Branch1][C][C][C],1229.2
1-butyl-3-methyl-1H-imidazolium (S)-2-amino-3-carboxypropanoate,[N][C@H1][Branch1][=Branch1][C][=Branch1][C][=O][O-1][C][C][=Branch1][C][=O][O],[C][Branch1][Ring2][C][C][C][NH1+1][C][N][Branch1][Branch1][C][=C][Ring1][Branch1][C],1183
tetrabutylphosphonium L-cysteinate,[N][C@@H1][Branch1][Ring1][C][S][C][=Branch1][C][=O][O-1],[C][Branch1][Ring2][C][C][C][P+1][Branch1][Branch1][C][C][C][C][Branch1][Branch1][C][C][C][C][C][C][C][C],1033.7
"2-hydroxy-N,N,N-trimethylethanaminium L-serinate",[N][C@@H1][Branch1][Ring1][C][O][C][=Branch1][C][=O][O-1],[O][C][C][N+1][Branch1][C][C][Branch1][C][C][C],1202.05
1-methyl-3-propylimidazolium L-serinate,[N][C@@H1][Branch1][Ring1][C][O][C][=Branch1][C][=O][O-1],[C][N+1][=C][N][Branch1][Branch1][C][=C][Ring1][Branch1][C][C][C],1181.5
tetrabutylphosphonium L-serinate,[N][C@@H1][Branch1][Ring1][C][O][C][=Branch1][C][=O][O-1],[C][Branch1][Ring2][C][C][C][P+1][Branch1][Branch1][C][C][C][C][Branch1][Branch1][C][C][C][C][C][C][C][C],992.3
"N,N-dibutyl-N-methylbutanaminium L-serinate",[N][C@@H1][Branch1][Ring1][C][O][C][=Branch1][C][=O][O-1],[C][Branch1][Ring2][C][C][C][N+1][Branch1][Branch1][C][C][C][C][Branch1][C][C][C][C][C][C],1015.7
1-butyl-3-methylimidazolium L-serinate,[N][C@@H1][Branch1][Ring1][C][O][C][=Branch1][C][=O][O-1],[C][Branch1][Ring2][C][C][C][N+1][=C][N][Branch1][Branch1][C][=C][Ring1][Branch1][C],1156
3-ethyl-1-methyl-1H-imidazolium L-serinate,[N][C@@H1][Branch1][Ring1][C][O][C][=Branch1][C][=O][O-1],[C][Branch1][C][C][N][C][NH1+1][Branch1][Branch1][C][=C][Ring1][Branch1][C],1199.6
"2-hydroxy-N,N,N-trimethylethanaminium L-alaninate",[N][C@@H1][Branch1][C][C][C][=Branch1][C][=O][O-1],[O][C][C][N+1][Branch1][C][C][Branch1][C][C][C],1118.433333
(3-aminopropyl)tributylphosphonium L-alaninate,[N][C@@H1][Branch1][C][C][C][=Branch1][C][=O][O-1],[N][C][C][C][P+1][Branch1][Branch1][C][C][C][C][Branch1][Branch1][C][C][C][C][C][C][C][C],986.8
1-ethyl-3-methylimidazolium L-alaninate,[N][C@@H1][Branch1][C][C][C][=Branch1][C][=O][O-1],[C][Branch1][C][C][N+1][=C][N][Branch1][Branch1][C][=C][Ring1][Branch1][C],1129.55
"2-hydroxy-N,N,N-trimethylethanaminium L-prolinate",[N][C@@H1][Branch1][=Branch1][C][C][C][Ring1][Branch1][C][=Branch1][C][=O][O-1],[O][C][C][N+1][Branch1][C][C][Branch1][C][C][C],1127.5
tetrabutylphosphonium L-prolinate,[N][C@@H1][Branch1][=Branch1][C][C][C][Ring1][Branch1][C][=Branch1][C][=O][O-1],[C][Branch1][Ring2][C][C][C][P+1][Branch1][Branch1][C][C][C][C][Branch1][Branch1][C][C][C][C][C][C][C][C],981.8
1-ethyl-3-methyl-1H-imidazolium L-prolinate,[N][C@@H1][Branch1][=Branch1][C][C][C][Ring1][Branch1][C][=Branch1][C][=O][O-1],[C][Branch1][C][C][NH1+1][C][N][Branch1][Branch1][C][=C][Ring1][Branch1][C],1148.95
tetrabutylphosphonium L-lysinate,[N][C@@H1][Branch1][=Branch1][C][C][C][C][N][C][=Branch1][C][=O][O-1],[C][Branch1][Ring2][C][C][C][P+1][Branch1][Branch1][C][C][C][C][Branch1][Branch1][C][C][C][C][C][C][C][C],967.5
"N,N-dibutyl-N-methyl-1-butanaminium L-lysinate",[N][C@@H1][Branch1][=Branch1][C][C][C][C][N][C][=Branch1][C][=O][O-1],[C][Branch1][Ring2][C][C][C][N+1][Branch1][Branch1][C][C][C][C][Branch1][C][C][C][C][C][C],979.7
(3-aminopropyl)tributylphosphonium L-valinate,[N][C@@H1][Branch1][=Branch1][C][Branch1][C][C][C][C][=Branch1][C][=O][O-1],[N][C][C][C][P+1][Branch1][Branch1][C][C][C][C][Branch1][Branch1][C][C][C][C][C][C][C][C],980.7
tetrabutylphosphonium L-threoninate,[N][C@@H1][Branch1][=Branch1][C@H1][Branch1][C][O][C][C][=Branch1][C][=O][O-1],[C][Branch1][Ring2][C][C][C][P+1][Branch1][Branch1][C][C][C][C][Branch1][Branch1][C][C][C][C][C][C][C][C],979.9
"N,N-dibutyl-N-methyl-1-butanaminium L-threoninate",[N][C@@H1][Branch1][=Branch1][C@H1][Branch1][C][O][C][C][=Branch1][C][=O][O-1],[C][Branch1][Ring2][C][C][C][N+1][Branch1][Branch1][C][C][C][C][Branch1][C][C][C][C][C][C],999.5
1-propyl-3-methylimidazolium DL-threoninate,[N][C@@H1][Branch1][=Branch1][C@H1][Branch1][C][O][C][C][=Branch1][C][=O][O-1],[C][Branch1][Ring1][C][C][N+1][=C][N][Branch1][Branch1][C][=C][Ring1][Branch1][C],1144.52
1-pentyl-3-methylimidazolium DL-threoninate,[N][C@@H1][Branch1][=Branch1][C@H1][Branch1][C][O][C][C][=Branch1][C][=O][O-1],[C][Branch1][Branch1][C][C][C][C][N+1][=C][N][Branch1][Branch1][C][=C][Ring1][Branch1][C],1101.08
1-hexyl-3-methylimidazolium DL-threoninate,[N][C@@H1][Branch1][=Branch1][C@H1][Branch1][C][O][C][C][=Branch1][C][=O][O-1],[C][Branch1][=Branch1][C][C][C][C][C][N+1][=C][N][Branch1][Branch1][C][=C][Ring1][Branch1][C],1083.36
(3-aminopropyl)tributylphosphonium L-leucinate,[N][C@@H1][Branch1][#Branch1][C][C][Branch1][C][C][C][C][=Branch1][C][=O][O-1],[N][C][C][C][P+1][Branch1][Branch1][C][C][C][C][Branch1][Branch1][C][C][C][C][C][C][C][C],971.9
"1,1-dimethyl-4-phenylpiperazinium iodide",[I-1],[C][N+1][Branch2][Ring1][C][C][C][N][Branch1][Branch1][C][C][Ring1][=Branch1][C][=C][C][=C][C][=C][Ring1][=Branch1][C],1006.7
1-methyl-3-propylimidazolium iodide,[I-1],[C][N+1][=C][N][Branch1][Branch1][C][=C][Ring1][Branch1][C][C][C],1547.1
1-butyl-3-methylimidazolium iodide,[I-1],[C][Branch1][Ring2][C][C][C][N+1][=C][N][Branch1][Branch1][C][=C][Ring1][Branch1][C],1461.103333
1-hexyl-3-methylimidazolium iodide,[I-1],[C][Branch1][=Branch1][C][C][C][C][C][N+1][=C][N][Branch1][Branch1][C][=C][Ring1][Branch1][C],1384.09
1-butyl-3-methylimidazolium hexafluoroantimonate,[F][Sb-1][Branch1][C][F][Branch1][C][F][Branch1][C][F][Branch1][C][F][F],[C][Branch1][Ring2][C][C][C][N+1][=C][N][Branch1][Branch1][C][=C][Ring1][Branch1][C],1695.9
1-methyl-1-propylpyrrolidinium bis(fluorosulfonyl)amide,[F][S][=Branch1][C][=O][=Branch1][C][=O][N-1][S][=Branch1][C][=O][=Branch1][C][=O][F],[C][N+1][Branch1][#Branch1][C][C][C][C][Ring1][Branch1][C][C][C],1338.6
1-butyl-1-methylpyrrolidinium bis(fluorosulfonyl)amide,[F][S][=Branch1][C][=O][=Branch1][C][=O][N-1][S][=Branch1][C][=O][=Branch1][C][=O][F],[C][Branch1][Ring2][C][C][C][N+1][Branch1][#Branch1][C][C][C][C][Ring1][Branch1][C],1306.7
1-butylpyridinium bis(fluorosulfonyl)amide,[F][S][=Branch1][C][=O][=Branch1][C][=O][N-1][S][=Branch1][C][=O][=Branch1][C][=O][F],[C][Branch1][Ring2][C][C][C][N+1][=C][C][=C][C][=C][Ring1][=Branch1],1369.4
triethyl(pentyl)phosphonium bis(fluorosulfonyl)amide,[F][S][=Branch1][C][=O][=Branch1][C][=O][N-1][S][=Branch1][C][=O][=Branch1][C][=O][F],[C][Branch1][C][C][P+1][Branch1][=Branch1][C][C][C][C][C][Branch1][Ring1][C][C][C][C],1219
1-ethyl-3-methyl-1H-imidazolium bis(fluorosulfonyl)amide,[F][S][=Branch1][C][=O][=Branch1][C][=O][N-1][S][=Branch1][C][=O][=Branch1][C][=O][F],[C][Branch1][C][C][NH1+1][C][N][Branch1][Branch1][C][=C][Ring1][Branch1][C],1441.7
"N,N,N-triethyloctanaminium bis(fluorosulfonyl)amide",[F][S][=Branch1][C][=O][=Branch1][C][=O][N-1][S][=Branch1][C][=O][=Branch1][C][=O][F],[C][Branch1][C][C][N+1][Branch1][=Branch2][C][C][C][C][C][C][C][C][Branch1][Ring1][C][C][C][C],1164.6
1-ethylpyridinium bis(fluorosulfonyl)amide,[F][S][=Branch1][C][=O][=Branch1][C][=O][N-1][S][=Branch1][C][=O][=Branch1][C][=O][F],[C][Branch1][C][C][N+1][=C][C][=C][C][=C][Ring1][=Branch1],1458.7
1-ethyl-3-methylpyridinium bis(fluorosulfonyl)amide,[F][S][=Branch1][C][=O][=Branch1][C][=O][N-1][S][=Branch1][C][=O][=Branch1][C][=O][F],[C][Branch1][C][C][N+1][=C][C][=Branch1][=Branch1][=C][C][=C][Ring1][=Branch1][C],1407.1
1-hexylpyridinium bis(fluorosulfonyl)amide,[F][S][=Branch1][C][=O][=Branch1][C][=O][N-1][S][=Branch1][C][=O][=Branch1][C][=O][F],[C][Branch1][=Branch1][C][C][C][C][C][N+1][=C][C][=C][C][=C][Ring1][=Branch1],1301.9
3-(3-cyanopropyl)-1-methylimidazolium bis(fluorosulfonyl)amide,[F][S][=Branch1][C][=O][=Branch1][C][=O][N-1][S][=Branch1][C][=O][=Branch1][C][=O][F],[C][#Branch1][C][#N][C][C][C][N][C][=N+1][Branch1][Branch1][C][=C][Ring1][Branch1][C],1511.4
"N-(2-hydroxyethyl)-N,N-dimethyl-1-propanaminium bis((trifluoromethyl)sulfonyl)amide",[F][C][Branch2][Ring1][Branch2][S][=Branch1][C][=O][=Branch1][C][=O][N-1][S][=Branch1][C][=O][=Branch1][C][=O][C][Branch1][C][F][Branch1][C][F][F][Branch1][C][F][F],[O][C][C][N+1][Branch1][Ring2][C][C][C][Branch1][C][C][C],1451.99
"N-(2-hydroxyethyl)-N,N-dimethylpentanaminium bis((trifluoromethyl)sulfonyl)amide",[F][C][Branch2][Ring1][Branch2][S][=Branch1][C][=O][=Branch1][C][=O][N-1][S][=Branch1][C][=O][=Branch1][C][=O][C][Branch1][C][F][Branch1][C][F][F][Branch1][C][F][F],[O][C][C][N+1][Branch1][=Branch1][C][C][C][C][C][Branch1][C][C][C],1382.35
1-(2-hydroxyethyl)-1-methylpyrrolidin-1-ium bis((trifluoromethyl)sulfonyl)amide,[F][C][Branch2][Ring1][Branch2][S][=Branch1][C][=O][=Branch1][C][=O][N-1][S][=Branch1][C][=O][=Branch1][C][=O][C][Branch1][C][F][Branch1][C][F][F][Branch1][C][F][F],[O][C][C][N+1][Branch1][#Branch1][C][C][C][C][Ring1][Branch1][C],1517.4
4-(3-hydroxypropyl)-4-methylmorpholinium bis(trifluoromethylsulfonyl)amide,[F][C][Branch2][Ring1][Branch2][S][=Branch1][C][=O][=Branch1][C][=O][N-1][S][=Branch1][C][=O][=Branch1][C][=O][C][Branch1][C][F][Branch1][C][F][F][Branch1][C][F][F],[O][C][C][C][N+1][Branch1][Branch2][C][C][O][C][C][Ring1][=Branch1][C],1536.1
N-(2-aminoethyl)hexan-1-aminium bis((trifluoromethyl)sulfonyl)amide,[F][C][Branch2][Ring1][Branch2][S][=Branch1][C][=O][=Branch1][C][=O][N-1][S][=Branch1][C][=O][=Branch1][C][=O][C][Branch1][C][F][Branch1][C][F][F][Branch1][C][F][F],[N][C][C][NH2+1][C][C][C][C][C][C],1377.6
3-(2-amino-2-oxoethyl)-1-vinylimidazolium bis(trifluoromethylsulfonyl)amide,[F][C][Branch2][Ring1][Branch2][S][=Branch1][C][=O][=Branch1][C][=O][N-1][S][=Branch1][C][=O][=Branch1][C][=O][C][Branch1][C][F][Branch1][C][F][F][Branch1][C][F][F],[N][C][Branch1][=N][C][N][C][=N+1][Branch1][Branch1][C][=C][Ring1][Branch1][C][=C][=O],1607.1
1-(2-methoxyethyl)-3-methyl-1H-imidazolium bis((trifluoromethyl)sulfonyl)amide,[F][C][Branch2][Ring1][Branch2][S][=Branch1][C][=O][=Branch1][C][=O][N-1][S][=Branch1][C][=O][=Branch1][C][=O][C][Branch1][C][F][Branch1][C][F][F][Branch1][C][F][F],[C][O][C][C][NH1+1][C][N][Branch1][Branch1][C][=C][Ring1][Branch1][C],1505
4-(2-methoxyethyl)-4-methylmorpholinium bis(trifluoromethylsulfonyl)amide,[F][C][Branch2][Ring1][Branch2][S][=Branch1][C][=O][=Branch1][C][=O][N-1][S][=Branch1][C][=O][=Branch1][C][=O][C][Branch1][C][F][Branch1][C][F][F][Branch1][C][F][F],[C][O][C][C][N+1][Branch1][Branch2][C][C][O][C][C][Ring1][=Branch1][C],1500.2
1-(2-methoxyethyl)-1-methylpyrrolidinium bis((trifluoromethyl)sulfonyl)amide,[F][C][Branch2][Ring1][Branch2][S][=Branch1][C][=O][=Branch1][C][=O][N-1][S][=Branch1][C][=O][=Branch1][C][=O][C][Branch1][C][F][Branch1][C][F][F][Branch1][C][F][F],[C][O][C][C][N+1][Branch1][#Branch1][C][C][C][C][Ring1][Branch1][C],1453.6
"N,N-dimethylpropionamidium bis(trifluoromethanesulfonyl)amide",[F][C][Branch2][Ring1][Branch2][S][=Branch1][C][=O][=Branch1][C][=O][N-1][S][=Branch1][C][=O][=Branch1][C][=O][C][Branch1][C][F][Branch1][C][F][F][Branch1][C][F][F],[C][NH1+1][Branch1][#Branch1][C][Branch1][Ring1][C][C][=O][C],1520.3
"4-methyl-1-propyl-1H-1,2,4-triazol-4-ium bis((trifluoromethyl)sulfonyl)amide",[F][C][Branch2][Ring1][Branch2][S][=Branch1][C][=O][=Branch1][C][=O][N-1][S][=Branch1][C][=O][=Branch1][C][=O][C][Branch1][C][F][Branch1][C][F][F][Branch1][C][F][F],[C][N+1][C][=N][N][Branch1][Ring2][C][=Ring1][Branch1][C][C][C],1512.2
"N,N,N-trimethylpropanaminium bis((trifluoromethyl)sulfonyl)amide",[F][C][Branch2][Ring1][Branch2][S][=Branch1][C][=O][=Branch1][C][=O][N-1][S][=Branch1][C][=O][=Branch1][C][=O][C][Branch1][C][F][Branch1][C][F][F][Branch1][C][F][F],[C][N+1][Branch1][Ring2][C][C][C][Branch1][C][C][C],1429.6
1-methyl-1-octylpyrrolidinium bis(trifluoromethylsulfonyl)amide,[F][C][Branch2][Ring1][Branch2][S][=Branch1][C][=O][=Branch1][C][=O][N-1][S][=Branch1][C][=O][=Branch1][C][=O][C][Branch1][C][F][Branch1][C][F][F][Branch1][C][F][F],[C][N+1][Branch1][#Branch1][C][C][C][C][Ring1][Branch1][C][C][C][C][C][C][C][C],1288.36
3-methyl-1-(naphthalen-2-ylmethyl)-1H-imidazol-3-ium bis((trifluoromethyl)sulfonyl)amide,[F][C][Branch2][Ring1][Branch2][S][=Branch1][C][=O][=Branch1][C][=O][N-1][S][=Branch1][C][=O][=Branch1][C][=O][C][Branch1][C][F][Branch1][C][F][F][Branch1][C][F][F],[C][N+1][=C][N][Branch1][Branch1][C][=C][Ring1][Branch1][C][C][=C][C][=C][C][=C][C][=C][Ring1][=Branch1][C][=C][Ring1][#Branch2],1482
"1,3-dimethylimidazolium bis((trifluoromethyl)sulfonyl)amide",[F][C][Branch2][Ring1][Branch2][S][=Branch1][C][=O][=Branch1][C][=O][N-1][S][=Branch1][C][=O][=Branch1][C][=O][C][Branch1][C][F][Branch1][C][F][F][Branch1][C][F][F],[C][N+1][=C][N][Branch1][Branch1][C][=C][Ring1][Branch1][C],1566.933333
N-(bis(dimethylamino)methylene)-N-ethylethanaminium bis((trifluoromethyl)sulfonyl)amide,[F][C][Branch2][Ring1][Branch2][S][=Branch1][C][=O][=Branch1][C][=O][N-1][S][=Branch1][C][=O][=Branch1][C][=O][C][Branch1][C][F][Branch1][C][F][F][Branch1][C][F][F],[C][N][Branch1][C][C][C][=Branch1][Branch2][=N+1][Branch1][Ring1][C][C][C][C][N][Branch1][C][C][C],1373.2
"3,5-dimethyl-1-octylpyridinium bis(trifluoromethylsulfonyl)amide",[F][C][Branch2][Ring1][Branch2][S][=Branch1][C][=O][=Branch1][C][=O][N-1][S][=Branch1][C][=O][=Branch1][C][=O][C][Branch1][C][F][Branch1][C][F][F][Branch1][C][F][F],[C][C][C][=N+1][Branch1][=Branch2][C][=C][Branch1][Ring2][C][=Ring1][=Branch1][C][C][C][C][C][C][C][C][C],1285.6
2-methyl-1-propylpyridinium bis((trifluoromethyl)sulfonyl)amide,[F][C][Branch2][Ring1][Branch2][S][=Branch1][C][=O][=Branch1][C][=O][N-1][S][=Branch1][C][=O][=Branch1][C][=O][C][Branch1][C][F][Branch1][C][F][F][Branch1][C][F][F],[C][C][=N+1][Branch1][#Branch1][C][=C][C][=C][Ring1][=Branch1][C][C][C],1464.215
4-methyl-1-propylpyridinium bis((trifluoromethyl)sulfonyl)amide,[F][C][Branch2][Ring1][Branch2][S][=Branch1][C][=O][=Branch1][C][=O][N-1][S][=Branch1][C][=O][=Branch1][C][=O][C][Branch1][C][F][Branch1][C][F][F][Branch1][C][F][F],[C][C][=C][C][=N+1][Branch1][Branch1][C][=C][Ring1][=Branch1][C][C][C],1450.93
"1,3-dibutyl-1H-imidazolium bis((trifluoromethyl)sulfonyl)amide",[F][C][Branch2][Ring1][Branch2][S][=Branch1][C][=O][=Branch1][C][=O][N-1][S][=Branch1][C][=O][=Branch1][C][=O][C][Branch1][C][F][Branch1][C][F][F][Branch1][C][F][F],[C][Branch1][Ring2][C][C][C][NH1+1][C][N][Branch1][Branch1][C][=C][Ring1][Branch1][C][C][C][C],1340
"1-butyl-2,3-dimethyl-1H-imidazolium bis(trifluoromethylsulfonyl)amide",[F][C][Branch2][Ring1][Branch2][S][=Branch1][C][=O][=Branch1][C][=O][N-1][S][=Branch1][C][=O][=Branch1][C][=O][C][Branch1][C][F][Branch1][C][F][F][Branch1][C][F][F],[C][Branch1][Ring2][C][C][C][NH1+1][C][Branch1][=Branch2][N][Branch1][Branch1][C][=C][Ring1][Branch1][C][C],1418.666667
tributylammonium bis((trifluoromethyl)sulfonyl)amide,[F][C][Branch2][Ring1][Branch2][S][=Branch1][C][=O][=Branch1][C][=O][N-1][S][=Branch1][C][=O][=Branch1][C][=O][C][Branch1][C][F][Branch1][C][F][F][Branch1][C][F][F],[C][Branch1][Ring2][C][C][C][NH1+1][Branch1][Branch1][C][C][C][C][C][C][C][C],1240.7
1-butyl-3-isopentylimidazolium bis((trifluoromethyl)sulfonyl)amide,[F][C][Branch2][Ring1][Branch2][S][=Branch1][C][=O][=Branch1][C][=O][N-1][S][=Branch1][C][=O][=Branch1][C][=O][C][Branch1][C][F][Branch1][C][F][F][Branch1][C][F][F],[C][Branch1][Ring2][C][C][C][N+1][=C][N][Branch1][Branch1][C][=C][Ring1][Branch1][C][C][C][Branch1][C][C][C],1318.1
1-butyl-4-methylpyridinium bis((trifluoromethyl)sulfonyl)amide,[F][C][Branch2][Ring1][Branch2][S][=Branch1][C][=O][=Branch1][C][=O][N-1][S][=Branch1][C][=O][=Branch1][C][=O][C][Branch1][C][F][Branch1][C][F][F][Branch1][C][F][F],[C][Branch1][Ring2][C][C][C][N+1][=C][C][=C][Branch1][Branch1][C][=C][Ring1][=Branch1][C],1414.05
"1-butyl-3,5-dimethylpyridinium bis(trifluoromethylsulfonyl)amide",[F][C][Branch2][Ring1][Branch2][S][=Branch1][C][=O][=Branch1][C][=O][N-1][S][=Branch1][C][=O][=Branch1][C][=O][C][Branch1][C][F][Branch1][C][F][F][Branch1][C][F][F],[C][Branch1][Ring2][C][C][C][N+1][=C][C][=Branch1][=Branch2][=C][C][=Branch1][Ring2][=C][Ring1][=Branch1][C][C],1381.6
"1-butyl-2,3-dimethylpyridinium bis(trifluoromethylsulfonyl)amide",[F][C][Branch2][Ring1][Branch2][S][=Branch1][C][=O][=Branch1][C][=O][N-1][S][=Branch1][C][=O][=Branch1][C][=O][C][Branch1][C][F][Branch1][C][F][F][Branch1][C][F][F],[C][Branch1][Ring2][C][C][C][N+1][=C][Branch1][#Branch2][C][=Branch1][=Branch1][=C][C][=C][Ring1][=Branch1][C][C],1384.7
1-butyl-2-methylpyridinium bis((trifluoromethyl)sulfonyl)amide,[F][C][Branch2][Ring1][Branch2][S][=Branch1][C][=O][=Branch1][C][=O][N-1][S][=Branch1][C][=O][=Branch1][C][=O][C][Branch1][C][F][Branch1][C][F][F][Branch1][C][F][F],[C][Branch1][Ring2][C][C][C][N+1][=C][Branch1][#Branch1][C][=C][C][=C][Ring1][=Branch1][C],1476
3-(2-(butylamino)-2-oxoethyl)-1-ethyl-1H-imidazolium bis((trifluoromethyl)sulfonyl)amide,[F][C][Branch2][Ring1][Branch2][S][=Branch1][C][=O][=Branch1][C][=O][N-1][S][=Branch1][C][=O][=Branch1][C][=O][C][Branch1][C][F][Branch1][C][F][F][Branch1][C][F][F],[C][Branch1][Ring2][C][C][C][N][C][Branch1][=N][C][N][C][NH1+1][Branch1][Branch1][C][=C][Ring1][Branch1][C][C][=O],1418
1-allyl-3-methyl-1H-imidazolium bis((trifluoromethyl)sulfonyl)amide,[F][C][Branch2][Ring1][Branch2][S][=Branch1][C][=O][=Branch1][C][=O][N-1][S][=Branch1][C][=O][=Branch1][C][=O][C][Branch1][C][F][Branch1][C][F][F][Branch1][C][F][F],[C][Branch1][Ring1][C][=C][NH1+1][C][N][Branch1][Branch1][C][=C][Ring1][Branch1][C],1499
1-dodecyl-3-methyl-1H-imidazolium bis(trifluoromethylsulfonyl)amide,[F][C][Branch2][Ring1][Branch2][S][=Branch1][C][=O][=Branch1][C][=O][N-1][S][=Branch1][C][=O][=Branch1][C][=O][C][Branch1][C][F][Branch1][C][F][F][Branch1][C][F][F],[C][Branch1][N][C][C][C][C][C][C][C][C][C][C][C][NH1+1][C][N][Branch1][Branch1][C][=C][Ring1][Branch1][C],1244.475
triethyl(2-methoxyethyl)phosphonium bis((trifluoromethyl)sulfonyl)amide,[F][C][Branch2][Ring1][Branch2][S][=Branch1][C][=O][=Branch1][C][=O][N-1][S][=Branch1][C][=O][=Branch1][C][=O][C][Branch1][C][F][Branch1][C][F][F][Branch1][C][F][F],[C][Branch1][C][C][P+1][Branch1][Branch1][C][C][O][C][Branch1][Ring1][C][C][C][C],1378
triethyl(pentyl)phosphonium bis((trifluoromethyl)sulfonyl)amide,[F][C][Branch2][Ring1][Branch2][S][=Branch1][C][=O][=Branch1][C][=O][N-1][S][=Branch1][C][=O][=Branch1][C][=O][C][Branch1][C][F][Branch1][C][F][F][Branch1][C][F][F],[C][Branch1][C][C][P+1][Branch1][=Branch1][C][C][C][C][C][Branch1][Ring1][C][C][C][C],1302.642857
"N,N-diethyl-N-methylpropan-1-aminium bis((trifluoromethyl)sulfonyl)amide",[F][C][Branch2][Ring1][Branch2][S][=Branch1][C][=O][=Branch1][C][=O][N-1][S][=Branch1][C][=O][=Branch1][C][=O][C][Branch1][C][F][Branch1][C][F][F][Branch1][C][F][F],[C][Branch1][C][C][N+1][Branch1][Ring2][C][C][C][Branch1][C][C][C][C],1420
"N-ethyl-N,N-dimethylprop-2-en-1-aminium bis((trifluoromethyl)sulfonyl)amide",[F][C][Branch2][Ring1][Branch2][S][=Branch1][C][=O][=Branch1][C][=O][N-1][S][=Branch1][C][=O][=Branch1][C][=O][C][Branch1][C][F][Branch1][C][F][F][Branch1][C][F][F],[C][Branch1][C][C][N+1][Branch1][Ring2][C][C][=C][Branch1][C][C][C],1423.9
"N-ethyl-N,N-dimethylheptanaminium bis((trifluoromethyl)sulfonyl)amide",[F][C][Branch2][Ring1][Branch2][S][=Branch1][C][=O][=Branch1][C][=O][N-1][S][=Branch1][C][=O][=Branch1][C][=O][C][Branch1][C][F][Branch1][C][F][F][Branch1][C][F][F],[C][Branch1][C][C][N+1][Branch1][Branch2][C][C][C][C][C][C][C][Branch1][C][C][C],1291
"N,N,N-triethyl-2-methoxyethan-1-aminium bis((trifluoromethyl)sulfonyl)amide",[F][C][Branch2][Ring1][Branch2][S][=Branch1][C][=O][=Branch1][C][=O][N-1][S][=Branch1][C][=O][=Branch1][C][=O][C][Branch1][C][F][Branch1][C][F][F][Branch1][C][F][F],[C][Branch1][C][C][N+1][Branch1][Branch1][C][C][O][C][Branch1][Ring1][C][C][C][C],1400
"N,N-diethyl-2-methoxy-N-methylethan-1-aminium bis((trifluoromethyl)sulfonyl)amide",[F][C][Branch2][Ring1][Branch2][S][=Branch1][C][=O][=Branch1][C][=O][N-1][S][=Branch1][C][=O][=Branch1][C][=O][C][Branch1][C][F][Branch1][C][F][F][Branch1][C][F][F],[C][Branch1][C][C][N+1][Branch1][Branch1][C][C][O][C][Branch1][C][C][C][C],1411.4
"N,N-diethyl-N-methylbutan-1-aminium bis((trifluoromethyl)sulfonyl)amide",[F][C][Branch2][Ring1][Branch2][S][=Branch1][C][=O][=Branch1][C][=O][N-1][S][=Branch1][C][=O][=Branch1][C][=O][C][Branch1][C][F][Branch1][C][F][F][Branch1][C][F][F],[C][Branch1][C][C][N+1][Branch1][Branch1][C][C][C][C][Branch1][C][C][C][C],1380
"N,N,N-triethyldodecan-1-aminium bis((trifluoromethyl)sulfonyl)amide",[F][C][Branch2][Ring1][Branch2][S][=Branch1][C][=O][=Branch1][C][=O][N-1][S][=Branch1][C][=O][=Branch1][C][=O][C][Branch1][C][F][Branch1][C][F][F][Branch1][C][F][F],[C][Branch1][C][C][N+1][Branch1][=N][C][C][C][C][C][C][C][C][C][C][C][C][Branch1][Ring1][C][C][C][C],1191.1
1-ethyl-4-methylpyridinium bis((trifluoromethyl)sulfonyl)amide,[F][C][Branch2][Ring1][Branch2][S][=Branch1][C][=O][=Branch1][C][=O][N-1][S][=Branch1][C][=O][=Branch1][C][=O][C][Branch1][C][F][Branch1][C][F][F][Branch1][C][F][F],[C][Branch1][C][C][N+1][=C][C][=C][Branch1][Branch1][C][=C][Ring1][=Branch1][C],1489.335
1-ethyl-3-methylpyridinium bis((trifluoromethyl)sulfonyl)amide,[F][C][Branch2][Ring1][Branch2][S][=Branch1][C][=O][=Branch1][C][=O][N-1][S][=Branch1][C][=O][=Branch1][C][=O][C][Branch1][C][F][Branch1][C][F][F][Branch1][C][F][F],[C][Branch1][C][C][N+1][=C][C][=Branch1][=Branch1][=C][C][=C][Ring1][=Branch1][C],1488.52
1-ethyl-2-methylpyridinium bis((trifluoromethyl)sulfonyl)amide,[F][C][Branch2][Ring1][Branch2][S][=Branch1][C][=O][=Branch1][C][=O][N-1][S][=Branch1][C][=O][=Branch1][C][=O][C][Branch1][C][F][Branch1][C][F][F][Branch1][C][F][F],[C][Branch1][C][C][N+1][=C][Branch1][#Branch1][C][=C][C][=C][Ring1][=Branch1][C],1505.475
1-(cyclohexylmethyl)-3-methyl-1H-imidazol-3-ium bis((trifluoromethyl)sulfonyl)amide,[F][C][Branch2][Ring1][Branch2][S][=Branch1][C][=O][=Branch1][C][=O][N-1][S][=Branch1][C][=O][=Branch1][C][=O][C][Branch1][C][F][Branch1][C][F][F][Branch1][C][F][F],[C][Branch1][Branch2][C][C][C][C][C][Ring1][=Branch1][C][N][C][=N+1][Branch1][Branch1][C][=C][Ring1][Branch1][C],1417
tetraoctylphosphonium bis((trifluoromethyl)sulfonyl)amide,[F][C][Branch2][Ring1][Branch2][S][=Branch1][C][=O][=Branch1][C][=O][N-1][S][=Branch1][C][=O][=Branch1][C][=O][C][Branch1][C][F][Branch1][C][F][F][Branch1][C][F][F],[C][Branch1][Branch2][C][C][C][C][C][C][C][P+1][Branch1][=Branch2][C][C][C][C][C][C][C][C][Branch1][=Branch2][C][C][C][C][C][C][C][C][C][C][C][C][C][C][C][C],1066.6
1-octylpyridinium bis((trifluoromethyl)sulfonyl)amide,[F][C][Branch2][Ring1][Branch2][S][=Branch1][C][=O][=Branch1][C][=O][N-1][S][=Branch1][C][=O][=Branch1][C][=O][C][Branch1][C][F][Branch1][C][F][F][Branch1][C][F][F],[C][Branch1][Branch2][C][C][C][C][C][C][C][N+1][=C][C][=C][C][=C][Ring1][=Branch1],1328.05
2-octylisoquinolinium bis((trifluoromethyl)sulfonyl)amide,[F][C][Branch2][Ring1][Branch2][S][=Branch1][C][=O][=Branch1][C][=O][N-1][S][=Branch1][C][=O][=Branch1][C][=O][C][Branch1][C][F][Branch1][C][F][F][Branch1][C][F][F],[C][Branch1][Branch2][C][C][C][C][C][C][C][N+1][=C][C][=C][C][=C][C][=C][Ring1][=Branch1][C][=C][Ring1][#Branch2],1330.8
1-pentylpyridinium bis(trifluoromethylsulfonyl)amide,[F][C][Branch2][Ring1][Branch2][S][=Branch1][C][=O][=Branch1][C][=O][N-1][S][=Branch1][C][=O][=Branch1][C][=O][C][Branch1][C][F][Branch1][C][F][F][Branch1][C][F][F],[C][Branch1][Branch1][C][C][C][C][N+1][=C][C][=C][C][=C][Ring1][=Branch1],1421
"1,3-dibenzyl-1H-imidazol-3-ium bis((trifluoromethyl)sulfonyl)amide",[F][C][Branch2][Ring1][Branch2][S][=Branch1][C][=O][=Branch1][C][=O][N-1][S][=Branch1][C][=O][=Branch1][C][=O][C][Branch1][C][F][Branch1][C][F][F][Branch1][C][F][F],[C][Branch1][=Branch2][C][=C][C][=C][C][=C][Ring1][=Branch1][N][C][=N+1][Branch1][Branch1][C][=C][Ring1][Branch1][C][C][=C][C][=C][C][=C][Ring1][=Branch1],1434
1-benzyl-3-methyl-1H-imidazol-3-ium bis((trifluoromethyl)sulfonyl)amide,[F][C][Branch2][Ring1][Branch2][S][=Branch1][C][=O][=Branch1][C][=O][N-1][S][=Branch1][C][=O][=Branch1][C][=O][C][Branch1][C][F][Branch1][C][F][F][Branch1][C][F][F],[C][Branch1][=Branch2][C][=C][C][=C][C][=C][Ring1][=Branch1][N][C][=N+1][Branch1][Branch1][C][=C][Ring1][Branch1][C],1492
4-hexyl-4-methylmorpholinium bis((trifluoromethyl)sulfonyl)amide,[F][C][Branch2][Ring1][Branch2][S][=Branch1][C][=O][=Branch1][C][=O][N-1][S][=Branch1][C][=O][=Branch1][C][=O][C][Branch1][C][F][Branch1][C][F][F][Branch1][C][F][F],[C][Branch1][=Branch1][C][C][C][C][C][N+1][Branch1][Branch2][C][C][O][C][C][Ring1][=Branch1][C],1371.3
1-isobutyl-3-methylimidazolium bis[(trifluoromethyl)sulfonyl]amide,[F][C][Branch2][Ring1][Branch2][S][=Branch1][C][=O][=Branch1][C][=O][N-1][S][=Branch1][C][=O][=Branch1][C][=O][C][Branch1][C][F][Branch1][C][F][F][Branch1][C][F][F],[C][Branch1][=Branch1][C][Branch1][C][C][C][N+1][=C][N][Branch1][Branch1][C][=C][Ring1][Branch1][C],1436.75
1-decyl-3-methylimidazolium bis(trifluoromethylsulfonyl)amide,[F][C][Branch2][Ring1][Branch2][S][=Branch1][C][=O][=Branch1][C][=O][N-1][S][=Branch1][C][=O][=Branch1][C][=O][C][Branch1][C][F][Branch1][C][F][F][Branch1][C][F][F],[C][Branch1][#Branch2][C][C][C][C][C][C][C][C][C][N+1][=C][N][Branch1][Branch1][C][=C][Ring1][Branch1][C],1278.42
1-heptyl-3-methylimidazolium bis(trifluoromethylsulfonyl)amide,[F][C][Branch2][Ring1][Branch2][S][=Branch1][C][=O][=Branch1][C][=O][N-1][S][=Branch1][C][=O][=Branch1][C][=O][C][Branch1][C][F][Branch1][C][F][F][Branch1][C][F][F],[C][Branch1][#Branch1][C][C][C][C][C][C][N+1][=C][N][Branch1][Branch1][C][=C][Ring1][Branch1][C],1344.51
3-(cyanomethyl)-1-methyl-1H-imidazol-3-ium bis((trifluoromethyl)sulfonyl)amide,[F][C][Branch2][Ring1][Branch2][S][=Branch1][C][=O][=Branch1][C][=O][N-1][S][=Branch1][C][=O][=Branch1][C][=O][C][Branch1][C][F][Branch1][C][F][F][Branch1][C][F][F],[C][#Branch1][C][#N][C][N+1][=C][N][Branch1][Branch1][C][=C][Ring1][Branch1][C],1609.7
"1-methyl-3-(3-phenylpropyl)-1H-imidazolium 1,1,1-trifluoro-N-[(trifluoromethyl)sulfonyl]methanesulfonamide",[F][C][Branch2][Ring1][Branch2][S][=Branch1][C][=O][=Branch1][C][=O][N][S][=Branch1][C][=O][=Branch1][C][=O][C][Branch1][C][F][Branch1][C][F][F][Branch1][C][F][F],[C][NH1+1][C][N][Branch1][Branch1][C][=C][Ring1][Branch1][C][C][C][C][=C][C][=C][C][=C][Ring1][=Branch1],1455
"1-methyl-3-(2-phenylethyl)-1H-imidazolium 1,1,1-trifluoro-N-[(trifluoromethyl)sulfonyl]methanesulfonamide",[F][C][Branch2][Ring1][Branch2][S][=Branch1][C][=O][=Branch1][C][=O][N][S][=Branch1][C][=O][=Branch1][C][=O][C][Branch1][C][F][Branch1][C][F][F][Branch1][C][F][F],[C][NH1+1][C][N][Branch1][Branch1][C][=C][Ring1][Branch1][C][C][C][=C][C][=C][C][=C][Ring1][=Branch1],1470
"N,N-dimethyl-N-propyldecanaminium 1,1,1-trifluoro-N-[(trifluoromethyl)sulfonyl]methanesulfonamide",[F][C][Branch2][Ring1][Branch2][S][=Branch1][C][=O][=Branch1][C][=O][N][S][=Branch1][C][=O][=Branch1][C][=O][C][Branch1][C][F][Branch1][C][F][F][Branch1][C][F][F],[C][N+1][Branch1][O][C][C][C][C][C][C][C][C][C][C][Branch1][Ring2][C][C][C][C],1201
"N,N-dimethyl-N-propyl-1-butanaminium 1,1,1-trifluoro-N-[(trifluoromethyl)sulfonyl]methanesulfonamide",[F][C][Branch2][Ring1][Branch2][S][=Branch1][C][=O][=Branch1][C][=O][N][S][=Branch1][C][=O][=Branch1][C][=O][C][Branch1][C][F][Branch1][C][F][F][Branch1][C][F][F],[C][N+1][Branch1][Branch1][C][C][C][C][Branch1][Ring2][C][C][C][C],1348
"methyltrioctylammonium 1,1,1-trifluoro-N-[(trifluoromethyl)sulfonyl]methanesulfonamide",[F][C][Branch2][Ring1][Branch2][S][=Branch1][C][=O][=Branch1][C][=O][N][S][=Branch1][C][=O][=Branch1][C][=O][C][Branch1][C][F][Branch1][C][F][F][Branch1][C][F][F],[C][N+1][Branch1][=Branch2][C][C][C][C][C][C][C][C][Branch1][=Branch2][C][C][C][C][C][C][C][C][C][C][C][C][C][C][C][C],1102.557143
"2,3,5-trimethyl-1-propyl-1H-pyrazolium 1,1,1-trifluoro-N-[(trifluoromethyl)sulfonyl]methanesulfonamide",[F][C][Branch2][Ring1][Branch2][S][=Branch1][C][=O][=Branch1][C][=O][N][S][=Branch1][C][=O][=Branch1][C][=O][C][Branch1][C][F][Branch1][C][F][F][Branch1][C][F][F],[C][N][NH1+1][Branch1][#Branch2][C][=Branch1][=Branch1][=C][C][Ring1][Branch1][C][C][C][C][C],1428.3
"4-(dimethylamino)-1-hexyl-pyridinium 1,1,1-trifluoro-N-[(trifluoromethyl)sulfonyl]methanesulfonamide",[F][C][Branch2][Ring1][Branch2][S][=Branch1][C][=O][=Branch1][C][=O][N][S][=Branch1][C][=O][=Branch1][C][=O][C][Branch1][C][F][Branch1][C][F][F][Branch1][C][F][F],[C][N][Branch1][P][C][=C][C][=N+1][Branch1][Branch1][C][=C][Ring1][=Branch1][C][C][C][C][C][C][C],1343
"1-butyl-3-methylpyridinium 1,1,1-trifluoro-N-[(trifluoromethyl)sulfonyl]methanesulfonamide",[F][C][Branch2][Ring1][Branch2][S][=Branch1][C][=O][=Branch1][C][=O][N][S][=Branch1][C][=O][=Branch1][C][=O][C][Branch1][C][F][Branch1][C][F][F][Branch1][C][F][F],[C][Branch1][Ring2][C][C][C][N+1][=C][C][=Branch1][=Branch1][=C][C][=C][Ring1][=Branch1][C],1416.006667
"N-ethyl-N,N-dimethyl-1-propanaminium 1,1,1-trifluoro-N-[(trifluoromethyl)sulfonyl]methanesulfonamide",[F][C][Branch2][Ring1][Branch2][S][=Branch1][C][=O][=Branch1][C][=O][N][S][=Branch1][C][=O][=Branch1][C][=O][C][Branch1][C][F][Branch1][C][F][F][Branch1][C][F][F],[C][Branch1][C][C][N+1][Branch1][Ring2][C][C][C][Branch1][C][C][C],1402.13
"N,N,N-triethyl-1-decanaminium 1,1,1-trifluoro-N-[(trifluoromethyl)sulfonyl]methanesulfonamide",[F][C][Branch2][Ring1][Branch2][S][=Branch1][C][=O][=Branch1][C][=O][N][S][=Branch1][C][=O][=Branch1][C][=O][C][Branch1][C][F][Branch1][C][F][F][Branch1][C][F][F],[C][Branch1][C][C][N+1][Branch1][O][C][C][C][C][C][C][C][C][C][C][Branch1][Ring1][C][C][C][C],1218.1
"2-(acetyloxy)-N-ethyl-N,N-dimethylethanaminium 1,1,1-trifluoro-N-[(trifluoromethyl)sulfonyl]methanesulfonamide",[F][C][Branch2][Ring1][Branch2][S][=Branch1][C][=O][=Branch1][C][=O][N][S][=Branch1][C][=O][=Branch1][C][=O][C][Branch1][C][F][Branch1][C][F][F][Branch1][C][F][F],[C][Branch1][C][C][=Branch1][C][=O][O][C][C][N+1][Branch1][C][C][Branch1][C][C][C][C],1458.7
"1-hexyl-3-methylpyridinium 1,1,1-trifluoro-N-[(trifluoromethyl)sulfonyl]methanesulfonamide",[F][C][Branch2][Ring1][Branch2][S][=Branch1][C][=O][=Branch1][C][=O][N][S][=Branch1][C][=O][=Branch1][C][=O][C][Branch1][C][F][Branch1][C][F][F][Branch1][C][F][F],[C][Branch1][=Branch1][C][C][C][C][C][N+1][=C][C][=Branch1][=Branch1][=C][C][=C][Ring1][=Branch1][C],1361.5
"1-hexyl-2-ethyl-3,5-dimethylpyridinium 1,1,1-trifluoro-N-[(trifluoromethyl)sulfonyl]methanesulfonamide",[F][C][Branch2][Ring1][Branch2][S][=Branch1][C][=O][=Branch1][C][=O][N][S][=Branch1][C][=O][=Branch1][C][=O][C][Branch1][C][F][Branch1][C][F][F][Branch1][C][F][F],[C][Branch1][=Branch1][C][C][C][C][C][N+1][=C][Branch1][=N][C][=Branch1][=Branch2][=C][C][=Branch1][Ring2][=C][Ring1][=Branch1][C][C][C][C],1310.42
"3-cyano-1-octylpyridinium 1,1,1-trifluoro-N-[(trifluoromethyl)sulfonyl]methanesulfonamide",[F][C][Branch2][Ring1][Branch2][S][=Branch1][C][=O][=Branch1][C][=O][N][S][=Branch1][C][=O][=Branch1][C][=O][C][Branch1][C][F][Branch1][C][F][F][Branch1][C][F][F],[C][#Branch1][C][#N][C][C][=N+1][Branch1][=Branch1][C][=C][C][=Ring1][=Branch1][C][C][C][C][C][C][C][C],1355.1
"3-cyano-1-hexylpyridinium 1,1,1-trifluoro-N-[(trifluoromethyl)sulfonyl]methanesulfonamide",[F][C][Branch2][Ring1][Branch2][S][=Branch1][C][=O][=Branch1][C][=O][N][S][=Branch1][C][=O][=Branch1][C][=O][C][Branch1][C][F][Branch1][C][F][F][Branch1][C][F][F],[C][#Branch1][C][#N][C][C][=N+1][Branch1][=Branch1][C][=C][C][=Ring1][=Branch1][C][C][C][C][C][C],1408.9
1-(2-hydroxyethyl)-3-methylimidazolium nonafluoro-1-butanesulfonate,[F][C][Branch2][Ring1][#C][C][Branch2][Ring1][#Branch1][C][Branch1][S][C][Branch1][=Branch2][S][=Branch1][C][=O][=Branch1][C][=O][O-1][Branch1][C][F][F][Branch1][C][F][F][Branch1][C][F][F][Branch1][C][F][F],[O][C][C][N+1][=C][N][Branch1][Branch1][C][=C][Ring1][Branch1][C],1620
1-butyl-3-methyl-1H-imidazolium bis(perfluorobutylsulfonyl)amide,[F][C][Branch2][Ring1][#Branch1][C][Branch1][S][C][Branch1][=Branch2][C][Branch1][C][F][Branch1][C][F][F][Branch1][C][F][F][Branch1][C][F][F][Branch2][Ring2][=C][S][=Branch1][C][=O][=Branch1][C][=O][N-1][S][=Branch1][C][=O][=Branch1][C][=O][C][Branch2][Ring1][#Branch1][C][Branch1][S][C][Branch1][=Branch2][C][Branch1][C][F][Branch1][C][F][F][Branch1][C][F][F][Branch1][C][F][F][Branch1][C][F][F][F],[C][Branch1][Ring2][C][C][C][NH1+1][C][N][Branch1][Branch1][C][=C][Ring1][Branch1][C],1611.1
"1-ethyl-3-methyl-1H-imidazol-3-ium 1,1,2,2,3,3,4,4,4-nonafluorobutane-1-sulfonate",[F][C][Branch2][Ring1][#Branch1][C][Branch1][S][C][Branch1][=Branch2][C][Branch1][C][F][Branch1][C][F][F][Branch1][C][F][F][Branch1][C][F][F][Branch1][=Branch2][S][=Branch1][C][=O][=Branch1][C][=O][O-1][F],[C][Branch1][C][C][N][C][=N+1][Branch1][Branch1][C][=C][Ring1][Branch1][C],1546.5
"4-methyl-1-propyl-1,2,4-triazolium trifluoromethanesulfonate",[F][C][Branch1][=Branch2][S][=Branch1][C][=O][=Branch1][C][=O][O-1][Branch1][C][F][F],[C][N][C][=N][N+1][=Branch1][Ring2][=C][Ring1][Branch1][C][C][C],1379.6
1-butyl-1-methylpyrrolidinium trifluoromethanesulfonate,[F][C][Branch1][=Branch2][S][=Branch1][C][=O][=Branch1][C][=O][O-1][Branch1][C][F][F],[C][Branch1][Ring2][C][C][C][N+1][Branch1][#Branch1][C][C][C][C][Ring1][Branch1][C],1252.681667
1-butyl-3-methylimidazolium trifluoromethanesulfonate,[F][C][Branch1][=Branch2][S][=Branch1][C][=O][=Branch1][C][=O][O-1][Branch1][C][F][F],[C][Branch1][Ring2][C][C][C][N+1][=C][N][Branch1][Branch1][C][=C][Ring1][Branch1][C],1298.135652
1-butylpyridinium trifluoromethanesulfonate,[F][C][Branch1][=Branch2][S][=Branch1][C][=O][=Branch1][C][=O][O-1][Branch1][C][F][F],[C][Branch1][Ring2][C][C][C][N+1][=C][C][=C][C][=C][Ring1][=Branch1],1314.33
1-butyl-3-methylpyridinium trifluoromethanesulfonate,[F][C][Branch1][=Branch2][S][=Branch1][C][=O][=Branch1][C][=O][O-1][Branch1][C][F][F],[C][Branch1][Ring2][C][C][C][N+1][=C][C][=Branch1][=Branch1][=C][C][=C][Ring1][=Branch1][C],1288.205
"1-butyl-4-(4-sulfobutyl)-1H-1,2,4-triazol-4-ium trifluoromethanesulfonate",[F][C][Branch1][=Branch2][S][=Branch1][C][=O][=Branch1][C][=O][O-1][Branch1][C][F][F],[C][Branch1][Ring2][C][C][C][N][N][=C][N+1][=Branch1][Ring2][=C][Ring1][Branch1][C][C][C][C][S][=Branch1][C][=O][=Branch1][C][=O][O],1371.59
"N-ethyl-N,N-dimethylprop-2-en-1-aminium trifluoromethanesulfonate",[F][C][Branch1][=Branch2][S][=Branch1][C][=O][=Branch1][C][=O][O-1][Branch1][C][F][F],[C][Branch1][C][C][N+1][Branch1][Ring2][C][C][=C][Branch1][C][C][C],1257.5
1-ethyl-3-(2-methoxyethyl)imidazolium trifluoromethanesulfonate,[F][C][Branch1][=Branch2][S][=Branch1][C][=O][=Branch1][C][=O][O-1][Branch1][C][F][F],[C][Branch1][C][C][N+1][=C][N][Branch1][Branch1][C][=C][Ring1][Branch1][C][C][O][C],1348.15
1-ethyl-3-methylimidazolium trifluoromethanesulfonate,[F][C][Branch1][=Branch2][S][=Branch1][C][=O][=Branch1][C][=O][O-1][Branch1][C][F][F],[C][Branch1][C][C][N+1][=C][N][Branch1][Branch1][C][=C][Ring1][Branch1][C],1382.633333
1-octyl-3-methylimidazolium trifluoromethanesulfonate,[F][C][Branch1][=Branch2][S][=Branch1][C][=O][=Branch1][C][=O][O-1][Branch1][C][F][F],[C][Branch1][Branch2][C][C][C][C][C][C][C][N+1][=C][N][Branch1][Branch1][C][=C][Ring1][Branch1][C],1191.13
"trihexyltetradecylphosphonium 1,1,1-trifluoromethanesulfonate",[F][C][Branch1][=Branch2][S][=Branch1][C][=O][=Branch1][C][=O][O-1][Branch1][C][F][F],[C][Branch1][=Branch1][C][C][C][C][C][P+1][Branch1][#C][C][C][C][C][C][C][C][C][C][C][C][C][C][C][Branch1][#Branch1][C][C][C][C][C][C][C][C][C][C][C][C],982.3
"1-hexyl-4-(4-sulfobutyl)-1H-1,2,4-triazolium trifluoromethanesulfonate",[F][C][Branch1][=Branch2][S][=Branch1][C][=O][=Branch1][C][=O][O-1][Branch1][C][F][F],[C][Branch1][=Branch1][C][C][C][C][C][NH1+1][N][=C][N][Branch1][Ring2][C][Ring1][Branch1][C][C][C][C][S][=Branch1][C][=O][=Branch1][C][=O][O],1317.56
1-hexyl-3-methylimidazolium trifluoromethanesulfonate,[F][C][Branch1][=Branch2][S][=Branch1][C][=O][=Branch1][C][=O][O-1][Branch1][C][F][F],[C][Branch1][=Branch1][C][C][C][C][C][N+1][=C][N][Branch1][Branch1][C][=C][Ring1][Branch1][C],1238.925
"1-isopentyl-4-(4-sulfobutyl)-1H-1,2,4-triazol-4-ium trifluoromethanesulfonate",[F][C][Branch1][=Branch2][S][=Branch1][C][=O][=Branch1][C][=O][O-1][Branch1][C][F][F],[C][Branch1][#Branch1][C][C][Branch1][C][C][C][N][N][=C][N+1][=Branch1][Ring2][=C][Ring1][Branch1][C][C][C][C][S][=Branch1][C][=O][=Branch1][C][=O][O],1373.32
3-(2-cyanoethyl)-1-octyl-1H-imidazol-3-ium trifluoromethanesulfonate,[F][C][Branch1][=Branch2][S][=Branch1][C][=O][=Branch1][C][=O][O-1][Branch1][C][F][F],[C][#Branch1][C][#N][C][C][N+1][=C][N][Branch1][Branch1][C][=C][Ring1][Branch1][C][C][C][C][C][C][C][C],1229.4
3-(2-cyanoethyl)-1-hexyl-1H-imidazolium trifluoromethanesulfonate,[F][C][Branch1][=Branch2][S][=Branch1][C][=O][=Branch1][C][=O][O-1][Branch1][C][F][F],[C][#Branch1][C][#N][C][C][N][C][NH1+1][Branch1][Branch1][C][=C][Ring1][Branch1][C][C][C][C][C][C],1285.7
3-(3-cyanopropyl)-1-methylimidazolium trifluoromethanesulfonate,[F][C][Branch1][=Branch2][S][=Branch1][C][=O][=Branch1][C][=O][O-1][Branch1][C][F][F],[C][#Branch1][C][#N][C][C][C][N][C][=N+1][Branch1][Branch1][C][=C][Ring1][Branch1][C],1440.9
"N1-(2-ethylhexyl)ethane-1,2-diamine trifluoromethanesulfonate",[F][C][Branch1][=Branch2][S][=Branch1][C][=O][=Branch1][C][=O][O][Branch1][C][F][F],[C][Branch1][C][C][C][Branch1][=Branch1][C][N][C][C][N][C][C][C][C],1222
"1-ethyl-3-methylimidazolium 1,1,2,2,2-pentafluoro-N-[(pentafluoroethyl)sulfonyl]ethanesulfonamide",[F][C][Branch1][=Branch2][C][Branch1][C][F][Branch1][C][F][F][Branch2][Ring1][#C][S][=Branch1][C][=O][=Branch1][C][=O][N][S][=Branch1][C][=O][=Branch1][C][=O][C][Branch1][=Branch2][C][Branch1][C][F][Branch1][C][F][F][Branch1][C][F][F][F],[C][Branch1][C][C][N+1][=C][N][Branch1][Branch1][C][=C][Ring1][Branch1][C],1593.45
1-(2-hydroxyethyl)-3-methylimidazolium perfluoropentanoate,[F][C][Branch1][=Branch1][C][=Branch1][C][=O][O-1][Branch2][Ring1][#Branch1][C][Branch1][S][C][Branch1][=Branch2][C][Branch1][C][F][Branch1][C][F][F][Branch1][C][F][F][Branch1][C][F][F][F],[O][C][C][N+1][=C][N][Branch1][Branch1][C][=C][Ring1][Branch1][C],1541.3
"1-ethyl-3-methylimidazolium 2,2,3,3,4,4,5,5,5-nonafluoropentanoate",[F][C][Branch1][=Branch1][C][=Branch1][C][=O][O-1][Branch2][Ring1][#Branch1][C][Branch1][S][C][Branch1][=Branch2][C][Branch1][C][F][Branch1][C][F][F][Branch1][C][F][F][Branch1][C][F][F][F],[C][Branch1][C][C][N+1][=C][N][Branch1][Branch1][C][=C][Ring1][Branch1][C],1486.8
1-ethyl-3-methylpyridinium perfluoropentanoate,[F][C][Branch1][=Branch1][C][=Branch1][C][=O][O-1][Branch2][Ring1][#Branch1][C][Branch1][S][C][Branch1][=Branch2][C][Branch1][C][F][Branch1][C][F][F][Branch1][C][F][F][Branch1][C][F][F][F],[C][Branch1][C][C][N+1][=C][C][=Branch1][=Branch1][=C][C][=C][Ring1][=Branch1][C],1453.6
"1,3-disulfoimidazolium trifluoroacetate",[F][C][Branch1][=Branch1][C][=Branch1][C][=O][O-1][Branch1][C][F][F],[S][=Branch1][C][=O][=Branch1][C][=O][Branch1][C][O][N+1][=C][N][Branch1][Branch1][C][=C][Ring1][Branch1][S][=Branch1][C][=O][=Branch1][C][=O][O],1620
methyltrioctylammonium trifluoroacetate,[F][C][Branch1][=Branch1][C][=Branch1][C][=O][O-1][Branch1][C][F][F],[C][N+1][Branch1][=Branch2][C][C][C][C][C][C][C][C][Branch1][=Branch2][C][C][C][C][C][C][C][C][C][C][C][C][C][C][C][C],966
"2-methyl-1,3-disulfoimidazolium trifluoroacetate",[F][C][Branch1][=Branch1][C][=Branch1][C][=O][O-1][Branch1][C][F][F],[C][C][=N+1][Branch1][=C][C][=C][N][Ring1][Branch1][S][=Branch1][C][=O][=Branch1][C][=O][O][S][=Branch1][C][=O][=Branch1][C][=O][O],1590
1-butyl-3-methylimidazolium trifluoroacetate,[F][C][Branch1][=Branch1][C][=Branch1][C][=O][O-1][Branch1][C][F][F],[C][Branch1][Ring2][C][C][C][N+1][=C][N][Branch1][Branch1][C][=C][Ring1][Branch1][C],1212.8
1-butylpyridinium trifluoroacetate,[F][C][Branch1][=Branch1][C][=Branch1][C][=O][O-1][Branch1][C][F][F],[C][Branch1][Ring2][C][C][C][N+1][=C][C][=C][C][=C][Ring1][=Branch1],1355.7
"2-butyl-1,3-disulfoimidazolium trifluoroacetate",[F][C][Branch1][=Branch1][C][=Branch1][C][=O][O-1][Branch1][C][F][F],[C][Branch1][Ring2][C][C][C][C][=N+1][Branch1][=C][C][=C][N][Ring1][Branch1][S][=Branch1][C][=O][=Branch1][C][=O][O][S][=Branch1][C][=O][=Branch1][C][=O][O],1490
1-propylpyridinium trifluoroacetate,[F][C][Branch1][=Branch1][C][=Branch1][C][=O][O-1][Branch1][C][F][F],[C][Branch1][Ring1][C][C][N+1][=C][C][=C][C][=C][Ring1][=Branch1],1388.2
"N-ethyl-N,N-dimethylprop-2-en-1-aminium trifluoroacetate",[F][C][Branch1][=Branch1][C][=Branch1][C][=O][O-1][Branch1][C][F][F],[C][Branch1][C][C][N+1][Branch1][Ring2][C][C][=C][Branch1][C][C][C],1221.1
1-ethyl-3-methylimidazolium trifluoroacetate,[F][C][Branch1][=Branch1][C][=Branch1][C][=O][O-1][Branch1][C][F][F],[C][Branch1][C][C][N+1][=C][N][Branch1][Branch1][C][=C][Ring1][Branch1][C],1291
1-ethylpyridinium trifluoroacetate,[F][C][Branch1][=Branch1][C][=Branch1][C][=O][O-1][Branch1][C][F][F],[C][Branch1][C][C][N+1][=C][C][=C][C][=C][Ring1][=Branch1],1416.7
"2-ethyl-1,3-disulfoimidazolium trifluoroacetate",[F][C][Branch1][=Branch1][C][=Branch1][C][=O][O-1][Branch1][C][F][F],[C][Branch1][C][C][C][=N+1][Branch1][=C][C][=C][N][Ring1][Branch1][S][=Branch1][C][=O][=Branch1][C][=O][O][S][=Branch1][C][=O][=Branch1][C][=O][O],1560
1-amylpyridinium trifluoroacetate,[F][C][Branch1][=Branch1][C][=Branch1][C][=O][O-1][Branch1][C][F][F],[C][Branch1][Branch1][C][C][C][C][N+1][=C][C][=C][C][=C][Ring1][=Branch1],1318.7
1-hexylpyridinium trifluoroacetate,[F][C][Branch1][=Branch1][C][=Branch1][C][=O][O-1][Branch1][C][F][F],[C][Branch1][=Branch1][C][C][C][C][C][N+1][=C][C][=C][C][=C][Ring1][=Branch1],1285.2
2-(5-chloro-2-((1-propylpyridinium-2-yl)oxy)pyridinium-1-yl)ethyl sulfate tetrafluoroborate,[F][B-1][Branch1][C][F][Branch1][C][F][F],[S][=Branch1][C][=O][=Branch1][C][=O][Branch2][Ring1][#C][O][C][C][N+1][=C][Branch1][#Branch2][C][=C][C][=Branch1][Ring2][=C][Ring1][=Branch1][Cl][O][C][=N+1][Branch1][#Branch1][C][=C][C][=C][Ring1][=Branch1][C][C][C][O-1],1253.37
1-(2-hydroxyethyl)-3-methylimidazolium tetrafluoroborate,[F][B-1][Branch1][C][F][Branch1][C][F][F],[O][C][C][N+1][=C][N][Branch1][Branch1][C][=C][Ring1][Branch1][C],1344.35
3-(2-aminoethyl)-1-methyl-1H-imidazolium tetrafluoroborate,[F][B-1][Branch1][C][F][Branch1][C][F][F],[N][C][C][N][C][NH1+1][Branch1][Branch1][C][=C][Ring1][Branch1][C],1422.3
1-(3-aminopropyl)-3-methyl-1H-imidazolium tetrafluoroborate,[F][B-1][Branch1][C][F][Branch1][C][F][F],[N][C][C][C][NH1+1][C][N][Branch1][Branch1][C][=C][Ring1][Branch1][C],1354.6
1-(2-(2-methoxyethoxy)ethyl)-3-methylimidazolium tetrafluoroborate,[F][B-1][Branch1][C][F][Branch1][C][F][F],[C][O][C][C][O][C][C][N+1][=C][N][Branch1][Branch1][C][=C][Ring1][Branch1][C],1220
1-(2-methoxyethyl)-3-methyl-imidazolium tetrafluoroborate,[F][B-1][Branch1][C][F][Branch1][C][F][F],[C][O][C][C][N+1][=C][N][Branch1][Branch1][C][=C][Ring1][Branch1][C],1260
1-methyl-3-octylimidazolium tetrafluoroborate,[F][B-1][Branch1][C][F][Branch1][C][F][F],[C][N+1][=C][N][Branch1][Branch1][C][=C][Ring1][Branch1][C][C][C][C][C][C][C][C],1101.282727
1-methyl-3-pentyl-imidazolium tetrafluoroborate,[F][B-1][Branch1][C][F][Branch1][C][F][F],[C][N+1][=C][N][Branch1][Branch1][C][=C][Ring1][Branch1][C][C][C][C][C],1174.61
"4-methyl-1-propyl-1,2,4-triazolium tetrafluoroborate",[F][B-1][Branch1][C][F][Branch1][C][F][F],[C][N][C][=N][N+1][=Branch1][Ring2][=C][Ring1][Branch1][C][C][C],1291.2
1-butyl-3-methylimidazolium tetrafluoroborate,[F][B-1][Branch1][C][F][Branch1][C][F][F],[C][Branch1][Ring2][C][C][C][N+1][=C][N][Branch1][Branch1][C][=C][Ring1][Branch1][C],1201.030185
1-butylpyridinium tetrafluoroborate,[F][B-1][Branch1][C][F][Branch1][C][F][F],[C][Branch1][Ring2][C][C][C][N+1][=C][C][=C][C][=C][Ring1][=Branch1],1214.823333
1-butyl-4-methylpyridinium tetrafluoroborate,[F][B-1][Branch1][C][F][Branch1][C][F][F],[C][Branch1][Ring2][C][C][C][N+1][=C][C][=C][Branch1][Branch1][C][=C][Ring1][=Branch1][C],1184.1
1-butyl-3-methylpyridinium tetrafluoroborate,[F][B-1][Branch1][C][F][Branch1][C][F][F],[C][Branch1][Ring2][C][C][C][N+1][=C][C][=Branch1][=Branch1][=C][C][=C][Ring1][=Branch1][C],1182.066667
"1-butyl-2,3-dimethylimidazolium tetrafluoroborate",[F][B-1][Branch1][C][F][Branch1][C][F][F],[C][Branch1][Ring2][C][C][C][N+1][=C][Branch1][=Branch2][N][Branch1][Branch1][C][=C][Ring1][Branch1][C][C],1193.265
1-butyl-2-methylpyridinium tetrafluoroborate,[F][B-1][Branch1][C][F][Branch1][C][F][F],[C][Branch1][Ring2][C][C][C][N+1][=C][Branch1][#Branch1][C][=C][C][=C][Ring1][=Branch1][C],1201.593333
1-propyl-3-methylimidazolium tetrafluoroborate,[F][B-1][Branch1][C][F][Branch1][C][F][F],[C][Branch1][Ring1][C][C][N+1][=C][N][Branch1][Branch1][C][=C][Ring1][Branch1][C],1235.85
1-propylpyridinium tetrafluoroborate,[F][B-1][Branch1][C][F][Branch1][C][F][F],[C][Branch1][Ring1][C][C][N+1][=C][C][=C][C][=C][Ring1][=Branch1],1253.1
"N,N-diethyl-2-methoxy-N-methylethan-1-aminium tetrafluoroborate",[F][B-1][Branch1][C][F][Branch1][C][F][F],[C][Branch1][C][C][N+1][Branch1][Branch1][C][C][O][C][Branch1][C][C][C][C],1188.9
"N-ethyl-2-methoxy-N,N-dimethylethan-1-aminium tetrafluoroborate",[F][B-1][Branch1][C][F][Branch1][C][F][F],[C][Branch1][C][C][N+1][Branch1][Branch1][C][C][O][C][Branch1][C][C][C],1210
1-ethyl-3-methylimidazolium tetrafluoroborate,[F][B-1][Branch1][C][F][Branch1][C][F][F],[C][Branch1][C][C][N+1][=C][N][Branch1][Branch1][C][=C][Ring1][Branch1][C],1281.433333
1-octylpyridinium tetrafluoroborate,[F][B-1][Branch1][C][F][Branch1][C][F][F],[C][Branch1][Branch2][C][C][C][C][C][C][C][N+1][=C][C][=C][C][=C][Ring1][=Branch1],1112.7
N-octyl-3-methylpyridinium tetrafluoroborate,[F][B-1][Branch1][C][F][Branch1][C][F][F],[C][Branch1][Branch2][C][C][C][C][C][C][C][N+1][=C][C][=Branch1][=Branch1][=C][C][=C][Ring1][=Branch1][C],1095.033333
1-nonyl-3-methylimidazolium tetrafluoroborate,[F][B-1][Branch1][C][F][Branch1][C][F][F],[C][Branch1][=Branch2][C][C][C][C][C][C][C][C][N+1][=C][N][Branch1][Branch1][C][=C][Ring1][Branch1][C],1087.19
1-hexyl-3-methylimidazolium tetrafluoroborate,[F][B-1][Branch1][C][F][Branch1][C][F][F],[C][Branch1][=Branch1][C][C][C][C][C][N+1][=C][N][Branch1][Branch1][C][=C][Ring1][Branch1][C],1146.201
1-hexylpyridinium tetrafluoroborate,[F][B-1][Branch1][C][F][Branch1][C][F][F],[C][Branch1][=Branch1][C][C][C][C][C][N+1][=C][C][=C][C][=C][Ring1][=Branch1],1154.86
1-decyl-3-methylimidazolium tetrafluoroborate,[F][B-1][Branch1][C][F][Branch1][C][F][F],[C][Branch1][#Branch2][C][C][C][C][C][C][C][C][C][N+1][=C][N][Branch1][Branch1][C][=C][Ring1][Branch1][C],1056.17
1-heptyl-3-methylimidazolium tetrafluoroborate,[F][B-1][Branch1][C][F][Branch1][C][F][F],[C][Branch1][#Branch1][C][C][C][C][C][C][N+1][=C][N][Branch1][Branch1][C][=C][Ring1][Branch1][C],1122.73
"1-phenyl-3,5-dimethyl-2-hexylpyrazolium tetrafluoroborate",[F][B-1][Branch1][C][F][Branch1][C][F][F],[C][=Branch1][Branch2][=C][C][=C][C][=C][Ring1][=Branch1][N+1][N][Branch1][#Branch2][C][=Branch1][=Branch1][=C][C][=Ring1][Branch1][C][C][C][C][C][C][C][C],1136.6
"1-phenyl-3,5-dimethyl-2-pentylpyrazolium tetrafluoroborate",[F][B-1][Branch1][C][F][Branch1][C][F][F],[C][=Branch1][Branch2][=C][C][=C][C][=C][Ring1][=Branch1][N+1][N][Branch1][#Branch2][C][=Branch1][=Branch1][=C][C][=Ring1][Branch1][C][C][C][C][C][C][C],1158.5
1-(2-(2-methoxyethoxy)ethyl)-3-methylimidazolium chloride,[Cl-1],[C][O][C][C][O][C][C][N+1][=C][N][Branch1][Branch1][C][=C][Ring1][Branch1][C],1140
1-(2-methoxyethyl)-3-methylimidazolium chloride,[Cl-1],[C][O][C][C][N+1][=C][N][Branch1][Branch1][C][=C][Ring1][Branch1][C],1162.3
"N-methyl-N,N-dioctyl-1-octanaminium chloride",[Cl-1],[C][N+1][Branch1][=Branch2][C][C][C][C][C][C][C][C][Branch1][=Branch2][C][C][C][C][C][C][C][C][C][C][C][C][C][C][C][C],890.1666667
1-methyl-3-octylimidazolium chloride,[Cl-1],[C][N+1][=C][N][Branch1][Branch1][C][=C][Ring1][Branch1][C][C][C][C][C][C][C][C],1009.568571
tributyloctylphosphonium chloride,[Cl-1],[C][Branch1][Ring2][C][C][C][P+1][Branch1][=Branch2][C][C][C][C][C][C][C][C][Branch1][Branch1][C][C][C][C][C][C][C][C],924.4
tributylammonium chloride,[Cl-1],[C][Branch1][Ring2][C][C][C][NH1+1][Branch1][Branch1][C][C][C][C][C][C][C][C],1106
3-butyl-1-(2-cyanoethyl)-1H-imidazol-3-ium chloride,[Cl-1],[C][Branch1][Ring2][C][C][C][N+1][=C][N][Branch1][Branch1][C][=C][Ring1][Branch1][C][C][C][#N],1117.35
1-butyl-3-methylimidazolium chloride,[Cl-1],[C][Branch1][Ring2][C][C][C][N+1][=C][N][Branch1][Branch1][C][=C][Ring1][Branch1][C],1077
1-allyl-3-methylimidazolium chloride,[Cl-1],[C][Branch1][Ring1][C][=C][N+1][=C][N][Branch1][Branch1][C][=C][Ring1][Branch1][C],1166
3-allyl-1-(2-cyanoethyl)-1H-imidazolium chloride,[Cl-1],[C][Branch1][Ring1][C][=C][N][C][NH1+1][Branch1][Branch1][C][=C][Ring1][Branch1][C][C][C][#N],1170.8
trihexyl(tetradecyl)phosphonium chloride,[Cl-1],[C][Branch1][=Branch1][C][C][C][C][C][P+1][Branch1][#C][C][C][C][C][C][C][C][C][C][C][C][C][C][C][Branch1][#Branch1][C][C][C][C][C][C][C][C][C][C][C][C],889.26
1-hexyl-3-methylimidazolium chloride,[Cl-1],[C][Branch1][=Branch1][C][C][C][C][C][N+1][=C][N][Branch1][Branch1][C][=C][Ring1][Branch1][C],1038.02
N-[(dihexylamino)(dimethylamino)methylene]-N-hexyl-1-hexanaminium chloride,[Cl-1],[C][Branch1][=Branch1][C][C][C][C][C][N][Branch1][#Branch1][C][C][C][C][C][C][C][=Branch1][S][=N+1][Branch1][#Branch1][C][C][C][C][C][C][C][C][C][C][C][C][N][Branch1][C][C][C],943
1-decyl-3-methylimidazolium chloride,[Cl-1],[C][Branch1][#Branch2][C][C][C][C][C][C][C][C][C][N+1][=C][N][Branch1][Branch1][C][=C][Ring1][Branch1][C],984
1-(2-cyanoethyl)-3-(2-hydroxyethyl)-1H-imidazolium chloride,[Cl-1],[C][#Branch1][C][#N][C][C][NH1+1][C][N][Branch1][Branch1][C][=C][Ring1][Branch1][C][C][O],1255
1-(2-cyanoethyl)-3-(phenylmethyl)-1H-imidazolium chloride,[Cl-1],[C][#Branch1][C][#N][C][C][NH1+1][C][N][Branch1][Branch1][C][=C][Ring1][Branch1][C][C][=C][C][=C][C][=C][Ring1][=Branch1],1202.7
3-(2-cyanoethyl)-1-octyl-1H-imidazol-3-ium chloride,[Cl-1],[C][#Branch1][C][#N][C][C][N+1][=C][N][Branch1][Branch1][C][=C][Ring1][Branch1][C][C][C][C][C][C][C][C],1042.7
3-(2-cyanoethyl)-1-hexyl-1H-imidazol-3-ium chloride,[Cl-1],[C][#Branch1][C][#N][C][C][N+1][=C][N][Branch1][Branch1][C][=C][Ring1][Branch1][C][C][C][C][C][C],1074.1
1-methyl-3-hexylimidazolium chloroindium,[Cl][In+2],[C][N+1][=C][N][Branch1][Branch1][C][=C][Ring1][Branch1][C][C][C][C][C][C],1477
"1-(4-chlorophenyl)-2,3,5-trimethylpyrazolium methanesulfonate",[C][S][=Branch1][C][=O][=Branch1][C][=O][O-1],[Cl][C][=C][C][=C][Branch1][Branch1][C][=C][Ring1][=Branch1][N+1][N][Branch1][#Branch2][C][=Branch1][=Branch1][=C][C][=Ring1][Branch1][C][C][C],1304.6
"2,3,5-trimethyl-1-(4-methoxyphenyl)-pyrazolium methanesulfonate",[C][S][=Branch1][C][=O][=Branch1][C][=O][O-1],[C][N][N+1][=Branch1][#Branch2][=C][Branch1][=Branch1][C][=C][Ring1][Branch1][C][C][C][=C][C][=C][Branch1][Branch1][C][=C][Ring1][=Branch1][O][C],1259.6
"1-(4-methylphenyl)-2,3,5-trimethylpyrazolium methanesulfonate",[C][S][=Branch1][C][=O][=Branch1][C][=O][O-1],[C][C][=C][C][=C][Branch1][Branch1][C][=C][Ring1][=Branch1][N+1][N][Branch1][#Branch2][C][=Branch1][=Branch1][=C][C][=Ring1][Branch1][C][C][C],1223.6
1-ethyl-3-methylimidazolium methanesulfonate,[C][S][=Branch1][C][=O][=Branch1][C][=O][O-1],[C][Branch1][C][C][N+1][=C][N][Branch1][Branch1][C][=C][Ring1][Branch1][C],1240.583333
trihexyltetradecylphosphonium methanesulfonate,[C][S][=Branch1][C][=O][=Branch1][C][=O][O-1],[C][Branch1][=Branch1][C][C][C][C][C][P+1][Branch1][#C][C][C][C][C][C][C][C][C][C][C][C][C][C][C][Branch1][#Branch1][C][C][C][C][C][C][C][C][C][C][C][C],928.1
"1-phenyl-3,5-dimethyl-2-heptylpyrazolium methanesulfonate",[C][S][=Branch1][C][=O][=Branch1][C][=O][O-1],[C][=Branch1][Branch2][=C][C][=C][C][=C][Ring1][=Branch1][N+1][N][Branch1][#Branch2][C][=Branch1][=Branch1][=C][C][=Ring1][Branch1][C][C][C][C][C][C][C][C][C],1123.8
"1-phenyl-3,5-dimethyl-2-hexylpyrazolium methanesulfonate",[C][S][=Branch1][C][=O][=Branch1][C][=O][O-1],[C][=Branch1][Branch2][=C][C][=C][C][=C][Ring1][=Branch1][N+1][N][Branch1][#Branch2][C][=Branch1][=Branch1][=C][C][=Ring1][Branch1][C][C][C][C][C][C][C][C],1141.6
"1-phenyl-3,5-dimethyl-2-pentylpyrazolium methanesulfonate",[C][S][=Branch1][C][=O][=Branch1][C][=O][O-1],[C][=Branch1][Branch2][=C][C][=C][C][=C][Ring1][=Branch1][N+1][N][Branch1][#Branch2][C][=Branch1][=Branch1][=C][C][=Ring1][Branch1][C][C][C][C][C][C][C],1169.1
"1-phenyl-2-butyl-3,5-dimethylpyrazolium methanesulfonate",[C][S][=Branch1][C][=O][=Branch1][C][=O][O-1],[C][=Branch1][Branch2][=C][C][=C][C][=C][Ring1][=Branch1][N+1][N][Branch1][#Branch2][C][=Branch1][=Branch1][=C][C][=Ring1][Branch1][C][C][C][C][C][C],1186.2
"1-phenyl-2,3,5-trimethylpyrazolium methanesulfonate",[C][S][=Branch1][C][=O][=Branch1][C][=O][O-1],[C][=Branch1][Branch2][=C][C][=C][C][=C][Ring1][=Branch1][N+1][N][Branch1][#Branch2][C][=Branch1][=Branch1][=C][C][=Ring1][Branch1][C][C][C],1247
tris(2-hydroxyethyl) methylammonium methylsulfate,[C][O][S][=Branch1][C][=O][=Branch1][C][=O][O-1],[O][C][C][N+1][Branch1][C][C][Branch1][Ring2][C][C][O][C][C][O],1344.05
"1,3-dimethylimidazolium methylsulfate",[C][O][S][=Branch1][C][=O][=Branch1][C][=O][O-1],[C][N+1][=C][N][Branch1][Branch1][C][=C][Ring1][Branch1][C],1331.044
1-methylpyridinium methylsulfate,[C][O][S][=Branch1][C][=O][=Branch1][C][=O][O-1],[C][N+1][=C][C][=C][C][=C][Ring1][=Branch1],1345.46
"1,3-dimethylimidazolium dimethylphosphate",[C][O][P][=Branch1][C][=O][Branch1][Ring1][O][C][O-1],[C][N+1][=C][N][Branch1][Branch1][C][=C][Ring1][Branch1][C],1257.26
1-butyl-3-methyl-1H-imidazolium dimethylphosphate,[C][O][P][=Branch1][C][=O][Branch1][Ring1][O][C][O-1],[C][Branch1][Ring2][C][C][C][NH1+1][C][N][Branch1][Branch1][C][=C][Ring1][Branch1][C],1159.966667
1-ethyl-3-methylimidazolium dimethylphosphate,[C][O][P][=Branch1][C][=O][Branch1][Ring1][O][C][O-1],[C][Branch1][C][C][N+1][=C][N][Branch1][Branch1][C][=C][Ring1][Branch1][C],1220
"trihexyltetradecylphosphonium bis(2,4,4-trimethylpentyl)phosphinate",[C][C][Branch2][Ring1][#Branch1][C][P][Branch1][C][O-1][=Branch1][C][=O][C][C][Branch1][#Branch2][C][C][Branch1][C][C][Branch1][C][C][C][C][C][C][Branch1][C][C][Branch1][C][C][C],[C][Branch1][=Branch1][C][C][C][C][C][P+1][Branch1][#C][C][C][C][C][C][C][C][C][C][C][C][C][C][C][Branch1][#Branch1][C][C][C][C][C][C][C][C][C][C][C][C],886.4
triisobutylmethylphosphonium p-toluenesulfonate,[C][C][=C][C][=C][Branch1][Branch1][C][=C][Ring1][=Branch1][S][=Branch1][C][=O][=Branch1][C][=O][O-1],[C][Branch1][=Branch1][C][Branch1][C][C][C][P+1][Branch1][C][C][Branch1][#Branch1][C][C][Branch1][C][C][C][C][C][Branch1][C][C][C],1072.85
methyltrioctylammonium oleate,[C][Branch2][Ring1][C][C][C][C][C][C][C][C][\C][=C][/C][C][C][C][C][C][C][C][=Branch1][C][=O][O-1],[C][N+1][Branch1][=Branch2][C][C][C][C][C][C][C][C][Branch1][=Branch2][C][C][C][C][C][C][C][C][C][C][C][C][C][C][C][C],887.5
tetraoctylammonium oleate,[C][Branch2][Ring1][C][C][C][C][C][C][C][C][\C][=C][/C][C][C][C][C][C][C][C][=Branch1][C][=O][O-1],[C][Branch1][Branch2][C][C][C][C][C][C][C][N+1][Branch1][=Branch2][C][C][C][C][C][C][C][C][Branch1][=Branch2][C][C][C][C][C][C][C][C][C][C][C][C][C][C][C][C],875.3
tetrahexylammonium oleate,[C][Branch2][Ring1][C][C][C][C][C][C][C][C][\C][=C][/C][C][C][C][C][C][C][C][=Branch1][C][=O][O-1],[C][Branch1][=Branch1][C][C][C][C][C][N+1][Branch1][#Branch1][C][C][C][C][C][C][Branch1][#Branch1][C][C][C][C][C][C][C][C][C][C][C][C],886.9
N-(2-hydroxyethyl)benzenaminium butyrate,[C][Branch1][Ring2][C][C][C][=Branch1][C][=O][O-1],[O][C][C][NH2+1][C][=C][C][=C][C][=C][Ring1][=Branch1],1060.9
N-methyl-2-hydroxyethylammonium butanoate,[C][Branch1][Ring2][C][C][C][=Branch1][C][=O][O-1],[C][NH2+1][C][C][O],1038.4
N-methyl-2-oxopyrrolidinium butanoate,[C][Branch1][Ring2][C][C][C][=Branch1][C][=O][O-1],[C][NH1+1][C][Branch1][=Branch1][C][C][C][Ring1][Branch1][=O],1006.11
ethylammonium butyrate,[C][Branch1][Ring2][C][C][C][=Branch1][C][=O][O-1],[C][Branch1][C][C][NH3+1],962
trioctylammonium butanoate,[C][Branch1][Ring2][C][C][C][=Branch1][C][=O][O-1],[C][Branch1][Branch2][C][C][C][C][C][C][C][NH1+1][Branch1][=Branch2][C][C][C][C][C][C][C][C][C][C][C][C][C][C][C][C],842.2
trihexyl(tetradecyl)phosphonium butyrate,[C][Branch1][Ring2][C][C][C][=Branch1][C][=O][O-1],[C][Branch1][=Branch1][C][C][C][C][C][P+1][Branch1][#C][C][C][C][C][C][C][C][C][C][C][C][C][C][C][Branch1][#Branch1][C][C][C][C][C][C][C][C][C][C][C][C],890.4
trihexylammonium butanoate,[C][Branch1][Ring2][C][C][C][=Branch1][C][=O][O-1],[C][Branch1][=Branch1][C][C][C][C][C][NH1+1][Branch1][#Branch1][C][C][C][C][C][C][C][C][C][C][C][C],844.3
choline butanoate,[C][Branch1][Ring2][C][C][C][=Branch1][C][=O][O][C][C][N+1][Branch1][C][C][Branch1][C][C][C],[nop],1046.5
1-butyl-3-methylimidazolium glycolate,[C][Branch1][Ring1][C][O][=Branch1][C][=O][O-1],[C][Branch1][Ring2][C][C][C][N+1][=C][N][Branch1][Branch1][C][=C][Ring1][Branch1][C],1129.3
N-ethyl-N-methylmorpholinium glycolate,[C][Branch1][Ring1][C][O][=Branch1][C][=O][O-1],[C][Branch1][C][C][N+1][Branch1][Branch2][C][C][O][C][C][Ring1][=Branch1][C],1232.6
1-ethyl-1-methylpyrrolidinium glycolate,[C][Branch1][Ring1][C][O][=Branch1][C][=O][O-1],[C][Branch1][C][C][N+1][Branch1][#Branch1][C][C][C][C][Ring1][Branch1][C],1134
N-(2-hydroxyethyl)benzenaminium propionate,[C][Branch1][Ring1][C][C][=Branch1][C][=O][O-1],[O][C][C][NH2+1][C][=C][C][=C][C][=C][Ring1][=Branch1],1073
2-hydroxy-N-methylethanaminium propionate,[C][Branch1][Ring1][C][C][=Branch1][C][=O][O-1],[O][C][C][NH2+1][C],1069.98
N-methyl-2-oxopyrrolidinium propionate,[C][Branch1][Ring1][C][C][=Branch1][C][=O][O-1],[C][NH1+1][C][Branch1][=Branch1][C][C][C][Ring1][Branch1][=O],1027.86
1-methyl-3-pentylimidazolium propanoate,[C][Branch1][Ring1][C][C][=Branch1][C][=O][O-1],[C][N+1][=C][N][Branch1][Branch1][C][=C][Ring1][Branch1][C][C][C][C][C],1020.51
3-butyl-1-methyl-1H-imidazolium propanoate,[C][Branch1][Ring1][C][C][=Branch1][C][=O][O-1],[C][Branch1][Ring2][C][C][C][N][C][NH1+1][Branch1][Branch1][C][=C][Ring1][Branch1][C],1035.27
1-propyl-3-methylimidazolium propionate,[C][Branch1][Ring1][C][C][=Branch1][C][=O][O-1],[C][Branch1][Ring1][C][C][N+1][=C][N][Branch1][Branch1][C][=C][Ring1][Branch1][C],1052.6
1-allyl-3-methyl-1H-imidazol-3-ium propionate,[C][Branch1][Ring1][C][C][=Branch1][C][=O][O-1],[C][Branch1][Ring1][C][=C][N][C][=N+1][Branch1][Branch1][C][=C][Ring1][Branch1][C],1086
ethylammonium propionate,[C][Branch1][Ring1][C][C][=Branch1][C][=O][O-1],[C][Branch1][C][C][NH3+1],987.4
1-hexyl-3-methylimidazolium propanoate,[C][Branch1][Ring1][C][C][=Branch1][C][=O][O-1],[C][Branch1][=Branch1][C][C][C][C][C][N+1][=C][N][Branch1][Branch1][C][=C][Ring1][Branch1][C],1007.35
1-butyl-1-methylpyrrolidinium 2-acrylamido-2-methylpropanesulfonate,[C][Branch1][Ring1][C][=C][=Branch1][C][=O][N][C][Branch1][#Branch2][C][S][=Branch1][C][=O][=Branch1][C][=O][O-1][Branch1][C][C][C],[C][Branch1][Ring2][C][C][C][N+1][Branch1][#Branch1][C][C][C][C][Ring1][Branch1][C],1106
1-butyl-3-methylimidazolium 2-acrylamido-2-methylpropanesulfonate,[C][Branch1][Ring1][C][=C][=Branch1][C][=O][N][C][Branch1][#Branch2][C][S][=Branch1][C][=O][=Branch1][C][=O][O-1][Branch1][C][C][C],[C][Branch1][Ring2][C][C][C][N+1][=C][N][Branch1][Branch1][C][=C][Ring1][Branch1][C],1156
1-butylpyridinium 2-acrylamido-2-methylpropanesulfonate,[C][Branch1][Ring1][C][=C][=Branch1][C][=O][N][C][Branch1][#Branch2][C][S][=Branch1][C][=O][=Branch1][C][=O][O-1][Branch1][C][C][C],[C][Branch1][Ring2][C][C][C][N+1][=C][C][=C][C][=C][Ring1][=Branch1],1196
1-ethyl-3-methylimidazolium 2-acrylamido-2-methylpropanesulfonate,[C][Branch1][Ring1][C][=C][=Branch1][C][=O][N][C][Branch1][#Branch2][C][S][=Branch1][C][=O][=Branch1][C][=O][O-1][Branch1][C][C][C],[C][Branch1][C][C][N+1][=C][N][Branch1][Branch1][C][=C][Ring1][Branch1][C],1196
1-benzyl-3-methylimidazolium 2-acrylamido-2-methylpropanesulfonate,[C][Branch1][Ring1][C][=C][=Branch1][C][=O][N][C][Branch1][#Branch2][C][S][=Branch1][C][=O][=Branch1][C][=O][O-1][Branch1][C][C][C],[C][Branch1][=Branch2][C][=C][C][=C][C][=C][Ring1][=Branch1][N+1][=C][N][Branch1][Branch1][C][=C][Ring1][Branch1][C],1148
3-(2-cyanoethyl)-1-decylimidazolium dodecylsulfate,[C][Branch1][N][C][C][C][C][C][C][C][C][C][C][C][O][S][=Branch1][C][=O][=Branch1][C][=O][O-1],[C][#Branch1][C][#N][C][C][N][C][=N+1][Branch1][Branch1][C][=C][Ring1][Branch1][C][C][C][C][C][C][C][C][C][C],1050.4
tributyltetradecylphosphonium 4-dodecylbenzenesulfonate,[C][Branch1][N][C][C][C][C][C][C][C][C][C][C][C][C][=C][C][=C][Branch1][Branch1][C][=C][Ring1][=Branch1][S][=Branch1][C][=O][=Branch1][C][=O][O-1],[C][Branch1][Ring2][C][C][C][P+1][Branch1][#C][C][C][C][C][C][C][C][C][C][C][C][C][C][C][Branch1][Branch1][C][C][C][C][C][C][C][C],955.6
tributyl(tetradecyl)phosphonium 2-dodecylbenzenesulfonate,[C][Branch1][N][C][C][C][C][C][C][C][C][C][C][C][C][=C][Branch1][#Branch1][C][=C][C][=C][Ring1][=Branch1][S][=Branch1][C][=O][=Branch1][C][=O][O-1],[C][Branch1][Ring2][C][C][C][P+1][Branch1][#C][C][C][C][C][C][C][C][C][C][C][C][C][C][C][Branch1][Branch1][C][C][C][C][C][C][C][C],938
1-butyl-3-methylimidazolium salicylate,[C][Branch1][N][C][C][Branch1][C][O][=C][C][=C][C][=Ring1][#Branch1][=Branch1][C][=O][O-1],[C][Branch1][Ring2][C][C][C][N+1][=C][N][Branch1][Branch1][C][=C][Ring1][Branch1][C],1149
1-metyl-3-propylimidazolium hydrogen carbonate,[C][Branch1][C][O][Branch1][C][O-1][=O],[C][N+1][=C][N][Branch1][Branch1][C][=C][Ring1][Branch1][C][C][C],1165.5
3-methyl-1-pentylimidazolium hydrogen carbonate,[C][Branch1][C][O][Branch1][C][O-1][=O],[C][N][C][=N+1][Branch1][Branch1][C][=C][Ring1][Branch1][C][C][C][C][C],1141.8
1-butyl-3-methylimidazolium hydrogen carbonate,[C][Branch1][C][O][Branch1][C][O-1][=O],[C][Branch1][Ring2][C][C][C][N+1][=C][N][Branch1][Branch1][C][=C][Ring1][Branch1][C],1157.1
1-ethyl-3-methylpyridinium ethylsulfate,[C][Branch1][C][C][O][S][=Branch1][C][=O][=Branch1][C][=O][O-1],[C][Branch1][C][C][N+1][=C][C][=Branch1][=Branch1][=C][C][=C][Ring1][=Branch1][C],1221.07
"1,2-diethylpyridinium ethylsulfate",[C][Branch1][C][C][O][S][=Branch1][C][=O][=Branch1][C][=O][O-1],[C][Branch1][C][C][N+1][=C][Branch1][#Branch1][C][=C][C][=C][Ring1][=Branch1][C][C],1219.73
tributylethylphosphonium diethylphosphate,[C][Branch1][C][C][O][P][=Branch1][C][=O][Branch1][Ring2][O][C][C][O-1],[C][Branch1][Ring2][C][C][C][P+1][Branch1][Ring1][C][C][Branch1][Branch1][C][C][C][C][C][C][C][C],1004.42
"1-(2-cyanoethyl)-3-hexyl-1H-imidazol-3-ium 1,4-bis((2-ethylhexyl)oxy)-1,4-dioxobutane-2-sulfonate",[C][Branch1][C][C][C][Branch2][Ring2][Ring1][C][O][C][Branch2][Ring1][N][C][Branch1][P][C][C][=Branch1][C][=O][O][C][C][Branch1][Branch1][C][C][C][C][C][C][S][=Branch1][C][=O][=Branch1][C][=O][O-1][=O][C][C][C][C],[C][#Branch1][C][#N][C][C][N][C][=N+1][Branch1][Branch1][C][=C][Ring1][Branch1][C][C][C][C][C][C],1089
methyltrioctylammonium 4-ethyloctanoate,[C][Branch1][C][C][C][Branch1][Branch2][C][C][C][=Branch1][C][=O][O-1][C][C][C][C],[C][N+1][Branch1][=Branch2][C][C][C][C][C][C][C][C][Branch1][=Branch2][C][C][C][C][C][C][C][C][C][C][C][C][C][C][C][C],890
N-methyl-2-hydroxyethylammonium acetate,[C][Branch1][C][C][=Branch1][C][=O][O-1],[C][NH2+1][C][C][O],1100.6
N-methyl-2-oxopyrrolidinium acetate,[C][Branch1][C][C][=Branch1][C][=O][O-1],[C][NH1+1][C][Branch1][=Branch1][C][C][C][Ring1][Branch1][=O],1046.06
trimethylammonium acetate,[C][Branch1][C][C][=Branch1][C][=O][O-1],[C][NH1+1][Branch1][C][C][C],1053.825
1-methylimidazolium acetate,[C][Branch1][C][C][=Branch1][C][=O][O-1],[C][N+1][=C][N][C][=C][Ring1][Branch1],1115.215
1-methyl-3-pentylimidazolium acetate,[C][Branch1][C][C][=Branch1][C][=O][O-1],[C][N+1][=C][N][Branch1][Branch1][C][=C][Ring1][Branch1][C][C][C][C][C],1030.1
"1,3-dimethylimidazolium acetate",[C][Branch1][C][C][=Branch1][C][=O][O-1],[C][N+1][=C][N][Branch1][Branch1][C][=C][Ring1][Branch1][C],1127.6
butylammonium acetate,[C][Branch1][C][C][=Branch1][C][=O][O-1],[C][Branch1][Ring2][C][C][C][NH3+1],956.44
1-butyl-1-methylpyrrolidinium acetate,[C][Branch1][C][C][=Branch1][C][=O][O-1],[C][Branch1][Ring2][C][C][C][N+1][Branch1][#Branch1][C][C][C][C][Ring1][Branch1][C],1021.2
1-butyl-3-methylimidazolium acetate,[C][Branch1][C][C][=Branch1][C][=O][O-1],[C][Branch1][Ring2][C][C][C][N+1][=C][N][Branch1][Branch1][C][=C][Ring1][Branch1][C],1052.151429
propylammonium acetate,[C][Branch1][C][C][=Branch1][C][=O][O-1],[C][Branch1][Ring1][C][C][NH3+1],980.2066667
1-propyl-3-methylimidazolium acetate,[C][Branch1][C][C][=Branch1][C][=O][O-1],[C][Branch1][Ring1][C][C][N+1][=C][N][Branch1][Branch1][C][=C][Ring1][Branch1][C],1079.4
ethylammonium acetate,[C][Branch1][C][C][=Branch1][C][=O][O-1],[C][Branch1][C][C][NH3+1],1017.71
diethylammonium acetate,[C][Branch1][C][C][=Branch1][C][=O][O-1],[C][Branch1][C][C][NH2+1][C][C],952
1-ethyl-1H-imidazolium acetate,[C][Branch1][C][C][=Branch1][C][=O][O-1],[C][Branch1][C][C][NH1+1][C][=N][C][=C][Ring1][Branch1],1034.2
triethylammonium acetate,[C][Branch1][C][C][=Branch1][C][=O][O-1],[C][Branch1][C][C][NH1+1][Branch1][Ring1][C][C][C][C],1009.6
1-ethyl-1-methylpyrrolidinium acetate,[C][Branch1][C][C][=Branch1][C][=O][O-1],[C][Branch1][C][C][N+1][Branch1][#Branch1][C][C][C][C][Ring1][Branch1][C],1064.5
1-ethyl-3-(2-methoxyethyl)imidazolium acetate,[C][Branch1][C][C][=Branch1][C][=O][O-1],[C][Branch1][C][C][N+1][=C][N][Branch1][Branch1][C][=C][Ring1][Branch1][C][C][O][C],1192.4
1-ethyl-3-methylimidazolium acetate,[C][Branch1][C][C][=Branch1][C][=O][O-1],[C][Branch1][C][C][N+1][=C][N][Branch1][Branch1][C][=C][Ring1][Branch1][C],1099.94125
trihexyl(tetradecyl)phosphonium acetate,[C][Branch1][C][C][=Branch1][C][=O][O-1],[C][Branch1][=Branch1][C][C][C][C][C][P+1][Branch1][#C][C][C][C][C][C][C][C][C][C][C][C][C][C][C][Branch1][#Branch1][C][C][C][C][C][C][C][C][C][C][C][C],892.95
3-hexyl-1-methylimidazolium acetate,[C][Branch1][C][C][=Branch1][C][=O][O-1],[C][Branch1][=Branch1][C][C][C][C][C][N][C][=N+1][Branch1][Branch1][C][=C][Ring1][Branch1][C],1017
"N,N-dimethylethanamine acetate",[C][Branch1][C][C][=Branch1][C][=O][O],[C][N][Branch1][Ring1][C][C][C],1016.1
N-methyl-N-octylmorpholinium N-acetyl-L-alaninate,[C][Branch1][C][C][=Branch1][C][=O][N][C@@H1][Branch1][C][C][C][=Branch1][C][=O][O-1],[C][N+1][Branch1][Branch2][C][C][O][C][C][Ring1][=Branch1][C][C][C][C][C][C][C][C],1060
N-methyl-N-propylmorpholinium N-acetyl-L-alaninate,[C][Branch1][C][C][=Branch1][C][=O][N][C@@H1][Branch1][C][C][C][=Branch1][C][=O][O-1],[C][N+1][Branch1][Branch2][C][C][O][C][C][Ring1][=Branch1][C][C][C],1136
N-butyl-N-methylmorpholinium N-acetyl-L-alaninate,[C][Branch1][C][C][=Branch1][C][=O][N][C@@H1][Branch1][C][C][C][=Branch1][C][=O][O-1],[C][Branch1][Ring2][C][C][C][N+1][Branch1][Branch2][C][C][O][C][C][Ring1][=Branch1][C],1115.2
N-ethyl-N-methylmorpholinium N-acetyl-L-alaninate,[C][Branch1][C][C][=Branch1][C][=O][N][C@@H1][Branch1][C][C][C][=Branch1][C][=O][O-1],[C][Branch1][C][C][N+1][Branch1][Branch2][C][C][O][C][C][Ring1][=Branch1][C],1150.8
N-hexyl-N-methylmorpholinium N-acetyl-L-alaninate,[C][Branch1][C][C][=Branch1][C][=O][N][C@@H1][Branch1][C][C][C][=Branch1][C][=O][O-1],[C][Branch1][=Branch1][C][C][C][C][C][N+1][Branch1][Branch2][C][C][O][C][C][Ring1][=Branch1][C],1086.9
N-methyl-N-octylmorpholinium N-acetyl-L-valinate,[C][Branch1][C][C][=Branch1][C][=O][N][C@@H1][Branch1][=Branch1][C][Branch1][C][C][C][C][=Branch1][C][=O][O-1],[C][N+1][Branch1][Branch2][C][C][O][C][C][Ring1][=Branch1][C][C][C][C][C][C][C][C],1040.4
N-methyl-N-propylmorpholinium N-acetyl-L-valinate,[C][Branch1][C][C][=Branch1][C][=O][N][C@@H1][Branch1][=Branch1][C][Branch1][C][C][C][C][=Branch1][C][=O][O-1],[C][N+1][Branch1][Branch2][C][C][O][C][C][Ring1][=Branch1][C][C][C],1101
N-butyl-N-methylmorpholinium N-acetyl-L-valinate,[C][Branch1][C][C][=Branch1][C][=O][N][C@@H1][Branch1][=Branch1][C][Branch1][C][C][C][C][=Branch1][C][=O][O-1],[C][Branch1][Ring2][C][C][C][N+1][Branch1][Branch2][C][C][O][C][C][Ring1][=Branch1][C],1082.6
N-ethyl-N-methylmorpholinium N-acetyl-L-valinate,[C][Branch1][C][C][=Branch1][C][=O][N][C@@H1][Branch1][=Branch1][C][Branch1][C][C][C][C][=Branch1][C][=O][O-1],[C][Branch1][C][C][N+1][Branch1][Branch2][C][C][O][C][C][Ring1][=Branch1][C],1123.1
N-hexyl-N-methylmorpholinium N-acetyl-L-valinate,[C][Branch1][C][C][=Branch1][C][=O][N][C@@H1][Branch1][=Branch1][C][Branch1][C][C][C][C][=Branch1][C][=O][O-1],[C][Branch1][=Branch1][C][C][C][C][C][N+1][Branch1][Branch2][C][C][O][C][C][Ring1][=Branch1][C],1069.3
N-methyl-N-propylmorpholinium N-acetyl-L-leucinate,[C][Branch1][C][C][=Branch1][C][=O][N][C@@H1][Branch1][#Branch1][C][C][Branch1][C][C][C][C][=Branch1][C][=O][O-1],[C][N+1][Branch1][Branch2][C][C][O][C][C][Ring1][=Branch1][C][C][C],1081.3
N-butyl-N-methylmorpholinium N-acetyl-L-leucinate,[C][Branch1][C][C][=Branch1][C][=O][N][C@@H1][Branch1][#Branch1][C][C][Branch1][C][C][C][C][=Branch1][C][=O][O-1],[C][Branch1][Ring2][C][C][C][N+1][Branch1][Branch2][C][C][O][C][C][Ring1][=Branch1][C],1069
N-ethyl-N-methylmorpholinium N-acetyl-L-leucinate,[C][Branch1][C][C][=Branch1][C][=O][N][C@@H1][Branch1][#Branch1][C][C][Branch1][C][C][C][C][=Branch1][C][=O][O-1],[C][Branch1][C][C][N+1][Branch1][Branch2][C][C][O][C][C][Ring1][=Branch1][C],1104.2
N-hexyl-N-methylmorpholinium N-acetyl-L-leucinate,[C][Branch1][C][C][=Branch1][C][=O][N][C@@H1][Branch1][#Branch1][C][C][Branch1][C][C][C][C][=Branch1][C][=O][O-1],[C][Branch1][=Branch1][C][C][C][C][C][N+1][Branch1][Branch2][C][C][O][C][C][Ring1][=Branch1][C],1050.7
N-ethyl-N-methylmorpholinium N-acetyl-L-isoleucinate,[C][Branch1][C][C][=Branch1][C][=O][N][C@@H1][Branch1][#Branch1][C@@H1][Branch1][C][C][C][C][C][=Branch1][C][=O][O-1],[C][Branch1][C][C][N+1][Branch1][Branch2][C][C][O][C][C][Ring1][=Branch1][C],1107.9
tetrabutylphosphonium 3-(cyclohexylamino)-2-hydroxypropanesulfonate,[C][Branch1][Branch2][C][C][C][C][C][Ring1][=Branch1][N][C][C][Branch1][#Branch2][C][S][=Branch1][C][=O][=Branch1][C][=O][O-1][O],[C][Branch1][Ring2][C][C][C][P+1][Branch1][Branch1][C][C][C][C][Branch1][Branch1][C][C][C][C][C][C][C][C],1031.1
"2-hydroxy-N,N,N-trimethylethan-1-aminium cyclohexanecarboxylate",[C][Branch1][Branch2][C][C][C][C][C][Ring1][=Branch1][C][=Branch1][C][=O][O-1],[O][C][C][N+1][Branch1][C][C][Branch1][C][C][C],1067.8
"1,1,3,3-tetramethylguanidinium octanoate",[C][Branch1][Branch2][C][C][C][C][C][C][C][=Branch1][C][=O][O-1],[C][N][Branch1][#Branch2][C][=Branch1][C][=NH2+1][N][Branch1][C][C][C][C],965.6
trioctylammonium octanoate,[C][Branch1][Branch2][C][C][C][C][C][C][C][=Branch1][C][=O][O-1],[C][Branch1][Branch2][C][C][C][C][C][C][C][NH1+1][Branch1][=Branch2][C][C][C][C][C][C][C][C][C][C][C][C][C][C][C][C],846.2
trihexyl(tetradecyl)phosphonium octanoate,[C][Branch1][Branch2][C][C][C][C][C][C][C][=Branch1][C][=O][O-1],[C][Branch1][=Branch1][C][C][C][C][C][P+1][Branch1][#C][C][C][C][C][C][C][C][C][C][C][C][C][C][C][Branch1][#Branch1][C][C][C][C][C][C][C][C][C][C][C][C],881.4
trihexylammonium octanoate,[C][Branch1][Branch2][C][C][C][C][C][C][C][=Branch1][C][=O][O-1],[C][Branch1][=Branch1][C][C][C][C][C][NH1+1][Branch1][#Branch1][C][C][C][C][C][C][C][C][C][C][C][C],847.6
N-(2-hydroxyethyl)benzenaminium pentanoate,[C][Branch1][Branch1][C][C][C][C][=Branch1][C][=O][O-1],[O][C][C][NH2+1][C][=C][C][=C][C][=C][Ring1][=Branch1],1038.8
2-hydroxy-N-methylethanaminium pentanoate,[C][Branch1][Branch1][C][C][C][C][=Branch1][C][=O][O-1],[O][C][C][NH2+1][C],1014.62
N-methyl-2-oxopyrrolidinium pentanoate,[C][Branch1][Branch1][C][C][C][C][=Branch1][C][=O][O-1],[C][NH1+1][C][Branch1][=Branch1][C][C][C][Ring1][Branch1][=O],990.01
3-butyl-1-methylimidazolium benzoate,[C][Branch1][=Branch2][C][=C][C][=C][C][=C][Ring1][=Branch1][=Branch1][C][=O][O-1],[C][Branch1][Ring2][C][C][C][N][C][=N+1][Branch1][Branch1][C][=C][Ring1][Branch1][C],1105.2
N-(2-hydroxyethyl)benzenaminium hexanoate,[C][Branch1][=Branch1][C][C][C][C][C][=Branch1][C][=O][O-1],[O][C][C][NH2+1][C][=C][C][=C][C][=C][Ring1][=Branch1],1035.5
"2-hydroxy-N,N,N-trimethylethanaminium hexanoate",[C][Branch1][=Branch1][C][C][C][C][C][=Branch1][C][=O][O-1],[O][C][C][N+1][Branch1][C][C][Branch1][C][C][C],1015.7
N-methyl-2-hydroxyethylammonium hexanoate,[C][Branch1][=Branch1][C][C][C][C][C][=Branch1][C][=O][O-1],[C][NH2+1][C][C][O],994.2
N-methylmorpholinium hexanoate,[C][Branch1][=Branch1][C][C][C][C][C][=Branch1][C][=O][O-1],[C][NH1+1][C][C][O][C][C][Ring1][=Branch1],928.7
N-methyl-2-oxopyrrolidinium hexanoate,[C][Branch1][=Branch1][C][C][C][C][C][=Branch1][C][=O][O-1],[C][NH1+1][C][Branch1][=Branch1][C][C][C][Ring1][Branch1][=O],978.81
"1,1,3,3-tetramethylguanidinium hexanoate",[C][Branch1][=Branch1][C][C][C][C][C][=Branch1][C][=O][O-1],[C][N][Branch1][#Branch2][C][=Branch1][C][=NH2+1][N][Branch1][C][C][C][C],994.1
N-ethylmorpholinium hexanoate,[C][Branch1][=Branch1][C][C][C][C][C][=Branch1][C][=O][O-1],[C][Branch1][C][C][NH1+1][C][C][O][C][C][Ring1][=Branch1],933.4
trioctylammonium hexanoate,[C][Branch1][=Branch1][C][C][C][C][C][=Branch1][C][=O][O-1],[C][Branch1][Branch2][C][C][C][C][C][C][C][NH1+1][Branch1][=Branch2][C][C][C][C][C][C][C][C][C][C][C][C][C][C][C][C],844.5
trihexyl(tetradecyl)phosphonium hexanoate,[C][Branch1][=Branch1][C][C][C][C][C][=Branch1][C][=O][O-1],[C][Branch1][=Branch1][C][C][C][C][C][P+1][Branch1][#C][C][C][C][C][C][C][C][C][C][C][C][C][C][C][Branch1][#Branch1][C][C][C][C][C][C][C][C][C][C][C][C],885.5
trihexylammonium hexanoate,[C][Branch1][=Branch1][C][C][C][C][C][=Branch1][C][=O][O-1],[C][Branch1][=Branch1][C][C][C][C][C][NH1+1][Branch1][#Branch1][C][C][C][C][C][C][C][C][C][C][C][C],846.2
2-hydroxyethylammonium lactate,[C][Branch1][=Branch1][C][Branch1][C][O][C][=Branch1][C][=O][O-1],[O][C][C][NH3+1],1205.9
1-butyl-3-methylimidazolium lactate,[C][Branch1][=Branch1][C][Branch1][C][O][C][=Branch1][C][=O][O-1],[C][Branch1][Ring2][C][C][C][N+1][=C][N][Branch1][Branch1][C][=C][Ring1][Branch1][C],1100.2
1-ethyl-3-methylimidazolium lactate,[C][Branch1][=Branch1][C][Branch1][C][O][C][=Branch1][C][=O][O-1],[C][Branch1][C][C][N+1][=C][N][Branch1][Branch1][C][=C][Ring1][Branch1][C],1186.1
1-pentyl-3-methylimidazolium lactate,[C][Branch1][=Branch1][C][Branch1][C][O][C][=Branch1][C][=O][O-1],[C][Branch1][Branch1][C][C][C][C][N+1][=C][N][Branch1][Branch1][C][=C][Ring1][Branch1][C],1106
2-hydroxy-N-methylethanaminium isobutyrate,[C][Branch1][=Branch1][C][Branch1][C][C][C][=Branch1][C][=O][O-1],[O][C][C][NH2+1][C],1043.125
1-butyl-3-methylimidazolium L-lactate,[C][Branch1][=Branch1][C@@H1][Branch1][C][O][C][=Branch1][C][=O][O-1],[C][Branch1][Ring2][C][C][C][N+1][=C][N][Branch1][Branch1][C][=C][Ring1][Branch1][C],1111.2
3-(2-cyanoethyl)-1-octylimidazolium decylsulfate,[C][Branch1][#Branch2][C][C][C][C][C][C][C][C][C][O][S][=Branch1][C][=O][=Branch1][C][=O][O-1],[C][#Branch1][C][#N][C][C][N][C][=N+1][Branch1][Branch1][C][=C][Ring1][Branch1][C][C][C][C][C][C][C][C],1081.7
N-methylmorpholinium decanoate,[C][Branch1][#Branch2][C][C][C][C][C][C][C][C][C][=Branch1][C][=O][O-1],[C][NH1+1][C][C][O][C][C][Ring1][=Branch1],893.4
N-ethylmorpholinium decanoate,[C][Branch1][#Branch2][C][C][C][C][C][C][C][C][C][=Branch1][C][=O][O-1],[C][Branch1][C][C][NH1+1][C][C][O][C][C][Ring1][=Branch1],901.4
trihexyltetradecylphosphonium decanoate,[C][Branch1][#Branch2][C][C][C][C][C][C][C][C][C][=Branch1][C][=O][O-1],[C][Branch1][=Branch1][C][C][C][C][C][P+1][Branch1][#C][C][C][C][C][C][C][C][C][C][C][C][C][C][C][Branch1][#Branch1][C][C][C][C][C][C][C][C][C][C][C][C],878.95
choline cyclopentane carboxylate,[C][Branch1][#Branch1][C][C][C][C][Ring1][Branch1][C][=Branch1][C][=O][O][C][C][N+1][Branch1][C][C][Branch1][C][C][C],[nop],1089.6
"1,1,3,3-tetramethylguanidinium heptanoate",[C][Branch1][#Branch1][C][C][C][C][C][C][=Branch1][C][=O][O-1],[C][N][Branch1][#Branch2][C][=Branch1][C][=NH2+1][N][Branch1][C][C][C][C],982.7
2-hydroxy-N-methylethanaminium formate,[C][=Branch1][C][=O][O-1],[O][C][C][NH2+1][C],1128.025
N-methyl-2-oxopyrrolidinium formate,[C][=Branch1][C][=O][O-1],[C][NH1+1][C][Branch1][=Branch1][C][C][C][Ring1][Branch1][=O],1071.66
"2,4,6-trimethylpyridinium formate",[C][=Branch1][C][=O][O-1],[C][C][=NH1+1][C][=Branch1][=Branch2][=C][C][=Branch1][Ring2][=C][Ring1][=Branch1][C][C],1021
propylammonium formate,[C][=Branch1][C][=O][O-1],[C][Branch1][Ring1][C][C][NH3+1],993.45
ethylammonium formate,[C][=Branch1][C][=O][O-1],[C][Branch1][C][C][NH3+1],1033.5
ethyldiisopropylammonium formate,[C][=Branch1][C][=O][O-1],[C][Branch1][C][C][NH1+1][Branch1][=Branch1][C][Branch1][C][C][C][C][Branch1][C][C][C],1008
1-butyl-3-(2-cyanoethyl)-1H-imidazolium benzenesulfonate,[C][=Branch1][Branch2][=C][C][=C][C][=C][Ring1][=Branch1][S][=Branch1][C][=O][=Branch1][C][=O][O-1],[C][Branch1][Ring2][C][C][C][NH1+1][C][N][Branch1][Branch1][C][=C][Ring1][Branch1][C][C][C][#N],1236.8
3-(2-cyanoethyl)-1-hexyl-1H-imidazolium benzenesulfonate,[C][=Branch1][Branch2][=C][C][=C][C][=C][Ring1][=Branch1][S][=Branch1][C][=O][=Branch1][C][=O][O-1],[C][#Branch1][C][#N][C][C][N][C][NH1+1][Branch1][Branch1][C][=C][Ring1][Branch1][C][C][C][C][C][C],1222.7
3-(2-cyanoethyl)-1-octylimidazolium benzenesulfonate,[C][=Branch1][Branch2][=C][C][=C][C][=C][Ring1][=Branch1][S][=Branch1][C][=O][=Branch1][C][=O][O-1],[C][#Branch1][C][#N][C][C][N][C][=N+1][Branch1][Branch1][C][=C][Ring1][Branch1][C][C][C][C][C][C][C][C],1205.2
3-(2-hydroxyethyl)-1-methyl-1H-imidazol-3-ium dicyanoazanide,[C][#Branch1][C][#N][N-1][C][#N],[O][C][C][N+1][=C][N][Branch1][Branch1][C][=C][Ring1][Branch1][C],1186.2
4-methyl-4-nonylmorpholinium N-cyanocyanamide,[C][#Branch1][C][#N][N][C][#N],[C][N+1][Branch1][Branch2][C][C][O][C][C][Ring1][=Branch1][C][C][C][C][C][C][C][C][C],1032.5
4-methyl-4-octylmorpholinium N-cyanocyanamide,[C][#Branch1][C][#N][N][C][#N],[C][N+1][Branch1][Branch2][C][C][O][C][C][Ring1][=Branch1][C][C][C][C][C][C][C][C],1034.7
4-methyl-4-pentylmorpholinium N-cyanocyanamide,[C][#Branch1][C][#N][N][C][#N],[C][N+1][Branch1][Branch2][C][C][O][C][C][Ring1][=Branch1][C][C][C][C][C],1122.4
4-methyl-4-propylmorpholinium N-cyanocyanamide,[C][#Branch1][C][#N][N][C][#N],[C][N+1][Branch1][Branch2][C][C][O][C][C][Ring1][=Branch1][C][C][C],1163.7
1-butyltetrahydrothiophenium N-cyanocyanamide,[C][#Branch1][C][#N][N][C][#N],[C][Branch1][Ring2][C][C][C][S+1][C][C][C][C][Ring1][Branch1],1098
4-butyl-4-methylmorpholinium N-cyanocyanamide,[C][#Branch1][C][#N][N][C][#N],[C][Branch1][Ring2][C][C][C][N+1][Branch1][Branch2][C][C][O][C][C][Ring1][=Branch1][C],1118.3
1-ethyltetrahydrothiophenium N-cyanocyanamide,[C][#Branch1][C][#N][N][C][#N],[C][Branch1][C][C][S+1][C][C][C][C][Ring1][Branch1],1135
4-hexyl-4-methylmorpholinium N-cyanocyanamide,[C][#Branch1][C][#N][N][C][#N],[C][Branch1][=Branch1][C][C][C][C][C][N+1][Branch1][Branch2][C][C][O][C][C][Ring1][=Branch1][C],1069.7
4-heptyl-4-methylmorpholinium N-cyanocyanamide,[C][#Branch1][C][#N][N][C][#N],[C][Branch1][#Branch1][C][C][C][C][C][C][N+1][Branch1][Branch2][C][C][O][C][C][Ring1][=Branch1][C],1063.1
1-(3-cyanopropyl)-3-methylimidazolium cyanocyanamide,[C][#Branch1][C][#N][N][C][#N],[C][#Branch1][C][#N][C][C][C][N+1][=C][N][Branch1][Branch1][C][=C][Ring1][Branch1][C],1152.4
1-(2-hydroxyethyl)pyridinium tricyanomethanide,[C][#Branch1][C][#N][C-1][Branch1][Ring1][C][#N][C][#N],[O][C][C][N+1][=C][C][=C][C][=C][Ring1][=Branch1],1170.4
4-(3-hydroxypropyl)-4-methylmorpholinium tricyanomethanide,[C][#Branch1][C][#N][C-1][Branch1][Ring1][C][#N][C][#N],[O][C][C][C][N+1][Branch1][Branch2][C][C][O][C][C][Ring1][=Branch1][C],1162
1-(3-hydroxypropyl)pyridinium tricyanomethanide,[C][#Branch1][C][#N][C-1][Branch1][Ring1][C][#N][C][#N],[O][C][C][C][N+1][=C][C][=C][C][=C][Ring1][=Branch1],1149.6
1-methyl-3-octylimidazolium tricyanomethanide,[C][#Branch1][C][#N][C-1][Branch1][Ring1][C][#N][C][#N],[C][N+1][=C][N][Branch1][Branch1][C][=C][Ring1][Branch1][C][C][C][C][C][C][C][C],1000.54
1-butyl-1-methylpyrrolidinium tricyanomethanide,[C][#Branch1][C][#N][C-1][Branch1][Ring1][C][#N][C][#N],[C][Branch1][Ring2][C][C][C][N+1][Branch1][#Branch1][C][C][C][C][Ring1][Branch1][C],1006.87
1-butyl-4-methylpyridinium tricyanomethanide,[C][#Branch1][C][#N][C-1][Branch1][Ring1][C][#N][C][#N],[C][Branch1][Ring2][C][C][C][N+1][=C][C][=C][Branch1][Branch1][C][=C][Ring1][=Branch1][C],1035.8
1-ethyl-3-methyl-1H-imidazolium tricyanomethanide,[C][#Branch1][C][#N][C-1][Branch1][Ring1][C][#N][C][#N],[C][Branch1][C][C][NH1+1][C][N][Branch1][Branch1][C][=C][Ring1][Branch1][C],1081.196667
3-hexyl-1-methylimidazolium tricyanomethanide,[C][#Branch1][C][#N][C-1][Branch1][Ring1][C][#N][C][#N],[C][Branch1][=Branch1][C][C][C][C][C][N][C][=N+1][Branch1][Branch1][C][=C][Ring1][Branch1][C],1020.62
3-decyl-1-methylimidazolium tricyanomethanide,[C][#Branch1][C][#N][C-1][Branch1][Ring1][C][#N][C][#N],[C][Branch1][#Branch2][C][C][C][C][C][C][C][C][C][N][C][=N+1][Branch1][Branch1][C][=C][Ring1][Branch1][C],983.11
1-butyl-3-methylimidazolium tricyanomethane,[C][#Branch1][C][#N][C][Branch1][Ring1][C][#N][C][#N],[C][Branch1][Ring2][C][C][C][N+1][=C][N][Branch1][Branch1][C][=C][Ring1][Branch1][C],1046.965
1-methyl-3-octylimidazolium tetracyanoborate,[C][#Branch1][C][#N][B-1][Branch1][Ring1][C][#N][Branch1][Ring1][C][#N][C][#N],[C][N+1][=C][N][Branch1][Branch1][C][=C][Ring1][Branch1][C][C][C][C][C][C][C][C],975.1
1-butyl-3-methyl-1H-imidazolium tetracyanoborate,[C][#Branch1][C][#N][B-1][Branch1][Ring1][C][#N][Branch1][Ring1][C][#N][C][#N],[C][Branch1][Ring2][C][C][C][NH1+1][C][N][Branch1][Branch1][C][=C][Ring1][Branch1][C],1009.83
1-butyl-1-methylpyrrolidinium tetracyanoborate,[C][#Branch1][C][#N][B-1][Branch1][Ring1][C][#N][Branch1][Ring1][C][#N][C][#N],[C][Branch1][Ring2][C][C][C][N+1][Branch1][#Branch1][C][C][C][C][Ring1][Branch1][C],976.4
1-ethyl-3-methylimidazolium tetracyanoborate,[C][#Branch1][C][#N][B-1][Branch1][Ring1][C][#N][Branch1][Ring1][C][#N][C][#N],[C][Branch1][C][C][N+1][=C][N][Branch1][Branch1][C][=C][Ring1][Branch1][C],1036.35
trihexyltetradecylphosphonium tetracyanoborate,[C][#Branch1][C][#N][B-1][Branch1][Ring1][C][#N][Branch1][Ring1][C][#N][C][#N],[C][Branch1][=Branch1][C][C][C][C][C][P+1][Branch1][#C][C][C][C][C][C][C][C][C][C][C][C][C][C][C][Branch1][#Branch1][C][C][C][C][C][C][C][C][C][C][C][C],891.05
1-hexyl-3-methylimidazolium tetracyanoborate,[C][#Branch1][C][#N][B-1][Branch1][Ring1][C][#N][Branch1][Ring1][C][#N][C][#N],[C][Branch1][=Branch1][C][C][C][C][C][N+1][=C][N][Branch1][Branch1][C][=C][Ring1][Branch1][C],990.18
1-decyl-3-methyl-1H-imidazolium tetracyanoborate,[C][#Branch1][C][#N][B-1][Branch1][Ring1][C][#N][Branch1][Ring1][C][#N][C][#N],[C][Branch1][#Branch2][C][C][C][C][C][C][C][C][C][NH1+1][C][N][Branch1][Branch1][C][=C][Ring1][Branch1][C],962.51
1-(3-azido-2-bromopropyl)-3-methyl-3H-imidazol-1-ium bromide,[Br-1],[N][=Branch1][Ring1][=N+1][=N-1][C][C][Branch1][N][C][N+1][=C][N][Branch1][Branch1][C][=C][Ring1][Branch1][C][Br],1340
1-(2-azido-3-bromopropyl)-3-methyl-3H-imidazol-1-ium bromide,[Br-1],[N][=Branch1][Ring1][=N+1][=N-1][C][Branch1][N][C][N+1][=C][N][Branch1][Branch1][C][=C][Ring1][Branch1][C][C][Br],1325
1-(2-azido-3-bromopropyl)-3-vinyl-3H-imidazol-1-ium bromide,[Br-1],[N][=Branch1][Ring1][=N+1][=N-1][C][Branch1][=N][C][N+1][=C][N][Branch1][Branch1][C][=C][Ring1][Branch1][C][=C][C][Br],1360
1-methyl-1-pentylpyrrolidinium bromide,[Br-1],[C][N+1][Branch1][#Branch1][C][C][C][C][Ring1][Branch1][C][C][C][C][C],1188.96
1-methyl-1-propylpyrrolidinium bromide,[Br-1],[C][N+1][Branch1][#Branch1][C][C][C][C][Ring1][Branch1][C][C][C],1260
1-methyl-3-nonylimidazolium bromide,[Br-1],[C][N+1][=C][N][Branch1][Branch1][C][=C][Ring1][Branch1][C][C][C][C][C][C][C][C][C],1147.53
1-methyl-3-octylimidazolium bromide,[Br-1],[C][N+1][=C][N][Branch1][Branch1][C][=C][Ring1][Branch1][C][C][C][C][C][C][C][C],1173.04
1-methyl-3-propylimidazolium bromide,[Br-1],[C][N+1][=C][N][Branch1][Branch1][C][=C][Ring1][Branch1][C][C][C],1316.2
1-butyl-3-dodecyl-1H-imidazolium bromide,[Br-1],[C][Branch1][Ring2][C][C][C][NH1+1][C][N][Branch1][Branch1][C][=C][Ring1][Branch1][C][C][C][C][C][C][C][C][C][C][C][C],1056
1-butyl-3-octyl-1H-imidazolium bromide,[Br-1],[C][Branch1][Ring2][C][C][C][NH1+1][C][N][Branch1][Branch1][C][=C][Ring1][Branch1][C][C][C][C][C][C][C][C],1119.7
1-butyl-3-hexyl-1H-imidazolium bromide,[Br-1],[C][Branch1][Ring2][C][C][C][NH1+1][C][N][Branch1][Branch1][C][=C][Ring1][Branch1][C][C][C][C][C][C],1145.5
1-butyl-3-(2-cyanoethyl)-1H-imidazolium bromide,[Br-1],[C][Branch1][Ring2][C][C][C][NH1+1][C][N][Branch1][Branch1][C][=C][Ring1][Branch1][C][C][C][#N],1304.7
1-butyl-1-methylpyrrolidinium bromide,[Br-1],[C][Branch1][Ring2][C][C][C][N+1][Branch1][#Branch1][C][C][C][C][Ring1][Branch1][C],1221.2
"1,3-dibutylimidazolium bromide",[Br-1],[C][Branch1][Ring2][C][C][C][N+1][=C][N][Branch1][Branch1][C][=C][Ring1][Branch1][C][C][C][C],1193.8
1-butyl-3-ethylimidazolium bromide,[Br-1],[C][Branch1][Ring2][C][C][C][N+1][=C][N][Branch1][Branch1][C][=C][Ring1][Branch1][C][C],1259.266667
1-butyl-3-methylimidazolium bromide,[Br-1],[C][Branch1][Ring2][C][C][C][N+1][=C][N][Branch1][Branch1][C][=C][Ring1][Branch1][C],1300
tetrapropylammonium bromide,[Br-1],[C][Branch1][Ring1][C][C][N+1][Branch1][Ring2][C][C][C][Branch1][Ring2][C][C][C][C][C][C],1170
1-allyl-3-vinylimidazolium bromide,[Br-1],[C][Branch1][Ring1][C][=C][N+1][=C][N][Branch1][Branch1][C][=C][Ring1][Branch1][C][=C],1210
1-allyl-3-methylimidazolium bromide,[Br-1],[C][Branch1][Ring1][C][=C][N+1][=C][N][Branch1][Branch1][C][=C][Ring1][Branch1][C],1170
3-dodecyl-1-ethyl-1H-imidazolium bromide,[Br-1],[C][Branch1][N][C][C][C][C][C][C][C][C][C][C][C][N][C][NH1+1][Branch1][Branch1][C][=C][Ring1][Branch1][C][C],1081
1-ethyl-3-octyl-1H-imidazolium bromide,[Br-1],[C][Branch1][C][C][NH1+1][C][N][Branch1][Branch1][C][=C][Ring1][Branch1][C][C][C][C][C][C][C][C],1145.4
1-ethyl-3-hexyl-1H-imidazolium bromide,[Br-1],[C][Branch1][C][C][NH1+1][C][N][Branch1][Branch1][C][=C][Ring1][Branch1][C][C][C][C][C][C],1194
"1,3-diethyl-1H-imidazolium bromide",[Br-1],[C][Branch1][C][C][NH1+1][C][N][Branch1][Branch1][C][=C][Ring1][Branch1][C][C],1351.2
1-pentyl-3-methylimidazolium bromide,[Br-1],[C][Branch1][Branch1][C][C][C][C][N+1][=C][N][Branch1][Branch1][C][=C][Ring1][Branch1][C],1259.865
tetradecyltrihexylphosphonium bromide,[Br-1],[C][Branch1][=C][C][C][C][C][C][C][C][C][C][C][C][C][C][P+1][Branch1][#Branch1][C][C][C][C][C][C][Branch1][#Branch1][C][C][C][C][C][C][C][C][C][C][C][C],956.9
3-hexyl-1-methyl-1H-imidazolium bromide,[Br-1],[C][Branch1][=Branch1][C][C][C][C][C][N][C][NH1+1][Branch1][Branch1][C][=C][Ring1][Branch1][C],1224.4375
1-decyl-3-methylimidazolium bromide,[Br-1],[C][Branch1][#Branch2][C][C][C][C][C][C][C][C][C][N+1][=C][N][Branch1][Branch1][C][=C][Ring1][Branch1][C],1128.2
1-heptyl-3-methylimidazolium bromide,[Br-1],[C][Branch1][#Branch1][C][C][C][C][C][C][N+1][=C][N][Branch1][Branch1][C][=C][Ring1][Branch1][C],1195.86
3-(2-cyanoethyl)-1-octyl-1H-imidazolium bromide,[Br-1],[C][#Branch1][C][#N][C][C][N][C][NH1+1][Branch1][Branch1][C][=C][Ring1][Branch1][C][C][C][C][C][C][C][C],1176.6
3-(2-cyanoethyl)-1-hexyl-1H-imidazolium bromide,[Br-1],[C][#Branch1][C][#N][C][C][N][C][NH1+1][Branch1][Branch1][C][=C][Ring1][Branch1][C][C][C][C][C][C],1229.733333
