IUPAC,ion1,ion2,density,temperature,pressure
"(S)-1,5-diisobutoxy-1,5-dioxopentan-2-aminium dodecyl sulfate",[S][=Branch1][C][=O][=Branch1][C][=O][Branch1][=C][O][C][C][C][C][C][C][C][C][C][C][C][C][O-1],[C][Branch1][=Branch1][C][Branch1][C][C][C][O][C][Branch2][Ring1][C][C@H1][Branch1][=C][C][C][C][=Branch1][C][=O][O][C][C][Branch1][C][C][C][NH3+1][=O],1003.5,338.15,101.325
"(S)-1,5-diisopropoxy-1,5-dioxopentan-2-aminium dodecyl sulfate",[S][=Branch1][C][=O][=Branch1][C][=O][Branch1][=C][O][C][C][C][C][C][C][C][C][C][C][C][C][O-1],[C][Branch1][C][C][Branch1][C][C][O][C][Branch1][P][C@H1][Branch1][=N][C][C][C][=Branch1][C][=O][O][C][Branch1][C][C][C][NH3+1][=O],1021.2,338.15,101.325
(S)-1-isobutoxy-1-oxopropan-2-aminium dodecyl sulfate,[S][=Branch1][C][=O][=Branch1][C][=O][Branch1][=C][O][C][C][C][C][C][C][C][C][C][C][C][C][O-1],[C][Branch1][=Branch1][C][Branch1][C][C][C][O][C][Branch1][=Branch1][C@H1][Branch1][C][C][NH3+1][=O],1012.1,338.15,101.325
(S)-1-isopropoxy-3-methyl-1-oxobutan-2-aminium dodecyl sulfate,[S][=Branch1][C][=O][=Branch1][C][=O][Branch1][=C][O][C][C][C][C][C][C][C][C][C][C][C][C][O-1],[C][Branch1][C][C][Branch1][C][C][O][C][Branch1][#Branch2][C@H1][Branch1][=Branch1][C][Branch1][C][C][C][NH3+1][=O],997.4,338.15,101.325
(S)-2-(isobutoxycarbonyl)pyrrolidinium dodecyl sulfate,[S][=Branch1][C][=O][=Branch1][C][=O][Branch1][=C][O][C][C][C][C][C][C][C][C][C][C][C][C][O-1],[C][Branch1][=Branch1][C][Branch1][C][C][C][O][C][=Branch1][C][=O][C@H1][NH2+1][C][C][C][Ring1][Branch1],1007.6,338.15,101.325
(S)-2-(isopropoxycarbonyl)pyrrolidin-1-ium dodecyl sulfate,[S][=Branch1][C][=O][=Branch1][C][=O][Branch1][=C][O][C][C][C][C][C][C][C][C][C][C][C][C][O-1],[C][Branch1][C][C][Branch1][C][C][O][C][=Branch1][C][=O][C@H1][NH2+1][C][C][C][Ring1][Branch1],1018.2,338.15,101.325
1-(2-chloroethyl)-3-methylimidazolium dicyanamide,[N-1][Branch1][Ring1][C][#N][C][#N],[Cl][C][C][N+1][=C][N][Branch1][Branch1][C][=C][Ring1][Branch1][C],1210.9,338.15,101.325
1-(2-cyanoethyl)-3-(2-hydroxyethyl)-1H-imidazolium chloride,[Cl-1],[C][#Branch1][C][#N][C][C][NH1+1][C][N][Branch1][Branch1][C][=C][Ring1][Branch1][C][C][O],1232.9,338.15,101.325
1-(2-cyanoethyl)-3-(phenylmethyl)-1H-imidazolium chloride,[Cl-1],[C][#Branch1][C][#N][C][C][NH1+1][C][N][Branch1][Branch1][C][=C][Ring1][Branch1][C][C][=C][C][=C][C][=C][Ring1][=Branch1],1179.8,338.15,101.325
"1-(2-cyanoethyl)-3-hexyl-1H-imidazol-3-ium 1,4-bis((2-ethylhexyl)oxy)-1,4-dioxobutane-2-sulfonate",[C][Branch1][C][C][C][Branch2][Ring2][Ring1][C][O][C][Branch2][Ring1][N][C][Branch1][P][C][C][=Branch1][C][=O][O][C][C][Branch1][Branch1][C][C][C][C][C][C][S][=Branch1][C][=O][=Branch1][C][=O][O-1][=O][C][C][C][C],[C][#Branch1][C][#N][C][C][N][C][=N+1][Branch1][Branch1][C][=C][Ring1][Branch1][C][C][C][C][C][C],1061,338.15,101.325
1-(2-hydroxyethyl)-1-methylpyrrolidin-1-ium bis((trifluoromethyl)sulfonyl)amide,[F][C][Branch2][Ring1][Branch2][S][=Branch1][C][=O][=Branch1][C][=O][N-1][S][=Branch1][C][=O][=Branch1][C][=O][C][Branch1][C][F][Branch1][C][F][F][Branch1][C][F][F],[O][C][C][N+1][Branch1][#Branch1][C][C][C][C][Ring1][Branch1][C],1480.9,338.15,101.3
1-(2-hydroxyethyl)-1-methylpyrrolidinium dimethyl phosphate,[P][=Branch1][C][=O][Branch1][Ring1][O][C][Branch1][Ring1][O][C][O-1],[O][C][C][N+1][Branch1][#Branch1][C][C][C][C][Ring1][Branch1][C],1205.2,338.15,101.325
1-(2-hydroxyethyl)-3-methylimidazolium bis[(trifluoromethyl)sulfonyl]imide,[N-1][Branch1][S][S][=Branch1][C][=O][=Branch1][C][=O][C][Branch1][C][F][Branch1][C][F][F][S][=Branch1][C][=O][=Branch1][C][=O][C][Branch1][C][F][Branch1][C][F][F],[O][C][C][N+1][=C][N][Branch1][Branch1][C][=C][Ring1][Branch1][C],1535.4,338.15,101.3
1-(2-hydroxyethyl)-3-methylimidazolium bis[(trifluoromethyl)sulfonyl]imide,[N-1][Branch1][S][S][=Branch1][C][=O][=Branch1][C][=O][C][Branch1][C][F][Branch1][C][F][F][S][=Branch1][C][=O][=Branch1][C][=O][C][Branch1][C][F][Branch1][C][F][F],[O][C][C][N+1][=C][N][Branch1][Branch1][C][=C][Ring1][Branch1][C],1535.4,338.15,101.325
1-(2-hydroxyethyl)-3-methylimidazolium nonafluoro-1-butanesulfonate,[F][C][Branch2][Ring1][#C][C][Branch2][Ring1][#Branch1][C][Branch1][S][C][Branch1][=Branch2][S][=Branch1][C][=O][=Branch1][C][=O][O-1][Branch1][C][F][F][Branch1][C][F][F][Branch1][C][F][F][Branch1][C][F][F],[O][C][C][N+1][=C][N][Branch1][Branch1][C][=C][Ring1][Branch1][C],1578.8,338.15,101.325
1-(2-hydroxyethyl)-3-methylimidazolium perfluoropentanoate,[F][C][Branch1][=Branch1][C][=Branch1][C][=O][O-1][Branch2][Ring1][#Branch1][C][Branch1][S][C][Branch1][=Branch2][C][Branch1][C][F][Branch1][C][F][F][Branch1][C][F][F][Branch1][C][F][F][F],[O][C][C][N+1][=C][N][Branch1][Branch1][C][=C][Ring1][Branch1][C],1501.5,338.15,101.325
1-(2-hydroxyethyl)-3-methylimidazolium tetrafluoroborate,[F][B-1][Branch1][C][F][Branch1][C][F][F],[O][C][C][N+1][=C][N][Branch1][Branch1][C][=C][Ring1][Branch1][C],1329.2,338.15,100
1-(2-hydroxyethyl)pyridinium tricyanomethanide,[C][#Branch1][C][#N][C-1][Branch1][Ring1][C][#N][C][#N],[O][C][C][N+1][=C][C][=C][C][=C][Ring1][=Branch1],1143.4,338.15,100
1-(2-hydroxyethyl)pyridinium tricyanomethanide,[C][#Branch1][C][#N][C-1][Branch1][Ring1][C][#N][C][#N],[O][C][C][N+1][=C][C][=C][C][=C][Ring1][=Branch1],1143.4,338.15,101
1-(2-methoxyethyl)-1-methylpyrrolidinium bis((trifluoromethyl)sulfonyl)amide,[F][C][Branch2][Ring1][Branch2][S][=Branch1][C][=O][=Branch1][C][=O][N-1][S][=Branch1][C][=O][=Branch1][C][=O][C][Branch1][C][F][Branch1][C][F][F][Branch1][C][F][F],[C][O][C][C][N+1][Branch1][#Branch1][C][C][C][C][Ring1][Branch1][C],1417.4,338.15,101.325
1-(3-aminopropyl)-3-methyl-1H-imidazolium tetrafluoroborate,[F][B-1][Branch1][C][F][Branch1][C][F][F],[N][C][C][C][NH1+1][C][N][Branch1][Branch1][C][=C][Ring1][Branch1][C],1321,338.15,101.325
1-(3-cyanopropyl)-3-methylimidazolium cyanocyanamide,[C][#Branch1][C][#N][N][C][#N],[C][#Branch1][C][#N][C][C][C][N+1][=C][N][Branch1][Branch1][C][=C][Ring1][Branch1][C],1127.3,338.15,101.325
1-(3-hydroxypropyl)pyridinium tricyanomethanide,[C][#Branch1][C][#N][C-1][Branch1][Ring1][C][#N][C][#N],[O][C][C][C][N+1][=C][C][=C][C][=C][Ring1][=Branch1],1123.3,338.15,100
1-(3-hydroxypropyl)pyridinium tricyanomethanide,[C][#Branch1][C][#N][C-1][Branch1][Ring1][C][#N][C][#N],[O][C][C][C][N+1][=C][C][=C][C][=C][Ring1][=Branch1],1123.3,338.15,101
1-(6-hydroxyhexyl)imidazolium chloride,[Cl-1],[O][C][C][C][C][C][C][N+1][=C][N][C][=C][Ring1][Branch1],1115.8,338.15,101.325
"1,1,3,3-tetramethylguanidinium heptanoate",[C][Branch1][#Branch1][C][C][C][C][C][C][=Branch1][C][=O][O-1],[C][N][Branch1][#Branch2][C][=Branch1][C][=NH2+1][N][Branch1][C][C][C][C],954.1,338.15,100
"1,1,3,3-tetramethylguanidinium hexanoate",[C][Branch1][=Branch1][C][C][C][C][C][=Branch1][C][=O][O-1],[C][N][Branch1][#Branch2][C][=Branch1][C][=NH2+1][N][Branch1][C][C][C][C],966.2,338.15,100
"1,1,3,3-tetramethylguanidinium octanoate",[C][Branch1][Branch2][C][C][C][C][C][C][C][=Branch1][C][=O][O-1],[C][N][Branch1][#Branch2][C][=Branch1][C][=NH2+1][N][Branch1][C][C][C][C],938.9,338.15,100
"1,2,3-tris(diethylamino)-cyclopropenylium bis(trifluoromethylsulfonyl)imide",[N-1][Branch1][S][S][=Branch1][C][=O][=Branch1][C][=O][C][Branch1][C][F][Branch1][C][F][F][S][=Branch1][C][=O][=Branch1][C][=O][C][Branch1][C][F][Branch1][C][F][F],[C][Branch1][C][C][N][Branch2][Ring1][=Branch1][C+1][C][=Branch1][O][=C][Ring1][Ring1][N][Branch1][Ring1][C][C][C][C][N][Branch1][Ring1][C][C][C][C][C][C],1238.9,338.15,101.325
"1,2-diethylpyridin-1-ium bis((trifluoromethyl)sulfonyl)imide",[N-1][Branch1][S][S][=Branch1][C][=O][=Branch1][C][=O][C][Branch1][C][F][Branch1][C][F][F][S][=Branch1][C][=O][=Branch1][C][=O][C][Branch1][C][F][Branch1][C][F][F],[C][Branch1][C][C][N+1][=C][Branch1][#Branch1][C][=C][C][=C][Ring1][=Branch1][C][C],1432.9,338.15,101.325
"1,2-diethylpyridinium ethylsulfate",[C][Branch1][C][C][O][S][=Branch1][C][=O][=Branch1][C][=O][O-1],[C][Branch1][C][C][N+1][=C][Branch1][#Branch1][C][=C][C][=C][Ring1][=Branch1][C][C],1193.6,338.15,101.325
"1,2-dimethyl-3-pentylimidazolium bis((trifluoromethyl)sulfonyl)imide",[N-1][Branch1][S][S][=Branch1][C][=O][=Branch1][C][=O][C][Branch1][C][F][Branch1][C][F][F][S][=Branch1][C][=O][=Branch1][C][=O][C][Branch1][C][F][Branch1][C][F][F],[C][N+1][=C][Branch1][=N][N][Branch1][Branch1][C][=C][Ring1][Branch1][C][C][C][C][C][C],1361.2,338.15,101.325
"1,3-dibutyl-1H-imidazolium bis((trifluoromethyl)sulfonyl)amide",[F][C][Branch2][Ring1][Branch2][S][=Branch1][C][=O][=Branch1][C][=O][N-1][S][=Branch1][C][=O][=Branch1][C][=O][C][Branch1][C][F][Branch1][C][F][F][Branch1][C][F][F],[C][Branch1][Ring2][C][C][C][NH1+1][C][N][Branch1][Branch1][C][=C][Ring1][Branch1][C][C][C][C],1304.4,338.15,101.325
"1,3-diethylimidazolium ethyl sulfate",[S][=Branch1][C][=O][=Branch1][C][=O][Branch1][Ring2][O][C][C][O-1],[C][Branch1][C][C][N+1][=C][N][Branch1][Branch1][C][=C][Ring1][Branch1][C][C],1176.5,338.15,101.325
"1,3-dimethylimidazolium methylsulfate",[C][O][S][=Branch1][C][=O][=Branch1][C][=O][O-1],[C][N+1][=C][N][Branch1][Branch1][C][=C][Ring1][Branch1][C],1299.8,338.15,100
"1,3-dimethylimidazolium methylsulfate",[C][O][S][=Branch1][C][=O][=Branch1][C][=O][O-1],[C][N+1][=C][N][Branch1][Branch1][C][=C][Ring1][Branch1][C],1299.8,338.15,101.325
"1,3-dimethylpyridinium methyl sulfate",[S][=Branch1][C][=O][=Branch1][C][=O][Branch1][Ring1][O][C][O-1],[C][N+1][=C][C][=Branch1][=Branch1][=C][C][=C][Ring1][=Branch1][C],1275.8,338.15,101.325
1-allyl-3-methyl-1H-imidazolium bis((trifluoromethyl)sulfonyl)amide,[F][C][Branch2][Ring1][Branch2][S][=Branch1][C][=O][=Branch1][C][=O][N-1][S][=Branch1][C][=O][=Branch1][C][=O][C][Branch1][C][F][Branch1][C][F][F][Branch1][C][F][F],[C][Branch1][Ring1][C][=C][NH1+1][C][N][Branch1][Branch1][C][=C][Ring1][Branch1][C],1457.4,338.15,100
1-allyl-3-methyl-1H-imidazolium bis((trifluoromethyl)sulfonyl)amide,[F][C][Branch2][Ring1][Branch2][S][=Branch1][C][=O][=Branch1][C][=O][N-1][S][=Branch1][C][=O][=Branch1][C][=O][C][Branch1][C][F][Branch1][C][F][F][Branch1][C][F][F],[C][Branch1][Ring1][C][=C][NH1+1][C][N][Branch1][Branch1][C][=C][Ring1][Branch1][C],1457.4,338.15,101.325
1-allyl-3-methylimidazolium dicyanamide,[N-1][Branch1][Ring1][C][#N][C][#N],[C][Branch1][Ring1][C][=C][N+1][=C][N][Branch1][Branch1][C][=C][Ring1][Branch1][C],1083.5,338.15,101.325
1-amylpyridinium trifluoroacetate,[F][C][Branch1][=Branch1][C][=Branch1][C][=O][O-1][Branch1][C][F][F],[C][Branch1][Branch1][C][C][C][C][N+1][=C][C][=C][C][=C][Ring1][=Branch1],1285.9,338.15,100
1-benzyl-3-methyl-1H-imidazolium methyl sulfate,[S][=Branch1][C][=O][=Branch1][C][=O][Branch1][Ring1][O][C][O-1],[C][Branch1][=Branch2][C][=C][C][=C][C][=C][Ring1][=Branch1][NH1+1][C][N][Branch1][Branch1][C][=C][Ring1][Branch1][C],1157.9,338.15,101.325
1-benzyl-3-methylimidazolium 2-acrylamido-2-methylpropanesulfonate,[C][Branch1][Ring1][C][=C][=Branch1][C][=O][N][C][Branch1][#Branch2][C][S][=Branch1][C][=O][=Branch1][C][=O][O-1][Branch1][C][C][C],[C][Branch1][=Branch2][C][=C][C][=C][C][=C][Ring1][=Branch1][N+1][=C][N][Branch1][Branch1][C][=C][Ring1][Branch1][C],1117,338.15,101.325
1-butyl-1-ethylpyrrolidinium ethyl sulfate,[S][=Branch1][C][=O][=Branch1][C][=O][Branch1][Ring2][O][C][C][O-1],[C][Branch1][Ring2][C][C][C][N+1][Branch1][#Branch1][C][C][C][C][Ring1][Branch1][C][C],1113,338.15,101.325
1-butyl-1-methylpiperidinium bis(trifluoromethanesulfonyl)imide,[N-1][Branch1][S][S][=Branch1][C][=O][=Branch1][C][=O][C][Branch1][C][F][Branch1][C][F][F][S][=Branch1][C][=O][=Branch1][C][=O][C][Branch1][C][F][Branch1][C][F][F],[C][Branch1][Ring2][C][C][C][N+1][Branch1][Branch2][C][C][C][C][C][Ring1][=Branch1][C],1346.766667,338.15,101.325
1-butyl-1-methylpiperidinium dicyanamide,[N-1][Branch1][Ring1][C][#N][C][#N],[C][Branch1][Ring2][C][C][C][N+1][Branch1][Branch2][C][C][C][C][C][Ring1][=Branch1][C],994.39,338.15,100
1-butyl-1-methylpiperidinium thiocyanate,[S-1][C][#N],[C][Branch1][Ring2][C][C][C][N+1][Branch1][Branch2][C][C][C][C][C][Ring1][=Branch1][C],1009.13,338.15,101
1-butyl-1-methylpiperidinium trifluoromethanesulfonate,[F][C][Branch1][=Branch2][S][=Branch1][C][=O][=Branch1][C][=O][O-1][Branch1][C][F][F],[C][Branch1][Ring2][C][C][C][N+1][Branch1][Branch2][C][C][C][C][C][Ring1][=Branch1][C],1213.3,338.15,101.325
1-butyl-1-methylpyrrolidinium 2-acrylamido-2-methylpropanesulfonate,[C][Branch1][Ring1][C][=C][=Branch1][C][=O][N][C][Branch1][#Branch2][C][S][=Branch1][C][=O][=Branch1][C][=O][O-1][Branch1][C][C][C],[C][Branch1][Ring2][C][C][C][N+1][Branch1][#Branch1][C][C][C][C][Ring1][Branch1][C],1077.5,338.15,101.325
1-butyl-1-methylpyrrolidinium acetate,[C][Branch1][C][C][=Branch1][C][=O][O-1],[C][Branch1][Ring2][C][C][C][N+1][Branch1][#Branch1][C][C][C][C][Ring1][Branch1][C],997.8,338.15,101.325
1-butyl-1-methylpyrrolidinium bis(fluorosulfonyl)amide,[F][S][=Branch1][C][=O][=Branch1][C][=O][N-1][S][=Branch1][C][=O][=Branch1][C][=O][F],[C][Branch1][Ring2][C][C][C][N+1][Branch1][#Branch1][C][C][C][C][Ring1][Branch1][C],1275.7,338.15,101.325
1-butyl-1-methylpyrrolidinium bis[(trifluoromethyl)sulfonyl]imide,[N-1][Branch1][S][S][=Branch1][C][=O][=Branch1][C][=O][C][Branch1][C][F][Branch1][C][F][F][S][=Branch1][C][=O][=Branch1][C][=O][C][Branch1][C][F][Branch1][C][F][F],[C][Branch1][Ring2][C][C][C][N+1][Branch1][#Branch1][C][C][C][C][Ring1][Branch1][C],1360.1825,338.15,100
1-butyl-1-methylpyrrolidinium bis[(trifluoromethyl)sulfonyl]imide,[N-1][Branch1][S][S][=Branch1][C][=O][=Branch1][C][=O][C][Branch1][C][F][Branch1][C][F][F][S][=Branch1][C][=O][=Branch1][C][=O][C][Branch1][C][F][Branch1][C][F][F],[C][Branch1][Ring2][C][C][C][N+1][Branch1][#Branch1][C][C][C][C][Ring1][Branch1][C],1360.1825,338.15,101.325
1-butyl-1-methylpyrrolidinium bromide,[Br-1],[C][Branch1][Ring2][C][C][C][N+1][Branch1][#Branch1][C][C][C][C][Ring1][Branch1][C],1190.5,338.15,101
1-butyl-1-methylpyrrolidinium dicyanamide,[N-1][Branch1][Ring1][C][#N][C][#N],[C][Branch1][Ring2][C][C][C][N+1][Branch1][#Branch1][C][C][C][C][Ring1][Branch1][C],994.2,338.15,100
1-butyl-1-methylpyrrolidinium dicyanamide,[N-1][Branch1][Ring1][C][#N][C][#N],[C][Branch1][Ring2][C][C][C][N+1][Branch1][#Branch1][C][C][C][C][Ring1][Branch1][C],994.2,338.15,101.325
1-butyl-1-methylpyrrolidinium methyl sulfate,[S][=Branch1][C][=O][=Branch1][C][=O][Branch1][Ring1][O][C][O-1],[C][Branch1][Ring2][C][C][C][N+1][Branch1][#Branch1][C][C][C][C][Ring1][Branch1][C],1142.4,338.15,101.325
1-butyl-1-methylpyrrolidinium tetracyanoborate,[C][#Branch1][C][#N][B-1][Branch1][Ring1][C][#N][Branch1][Ring1][C][#N][C][#N],[C][Branch1][Ring2][C][C][C][N+1][Branch1][#Branch1][C][C][C][C][Ring1][Branch1][C],949,338.15,101.325
1-butyl-1-methylpyrrolidinium thiocyanate,[S-1][C][#N],[C][Branch1][Ring2][C][C][C][N+1][Branch1][#Branch1][C][C][C][C][Ring1][Branch1][C],1003.85,338.15,101
1-butyl-1-methylpyrrolidinium tricyanomethanide,[C][#Branch1][C][#N][C-1][Branch1][Ring1][C][#N][C][#N],[C][Branch1][Ring2][C][C][C][N+1][Branch1][#Branch1][C][C][C][C][Ring1][Branch1][C],982.715,338.15,101
1-butyl-1-methylpyrrolidinium tricyanomethanide,[C][#Branch1][C][#N][C-1][Branch1][Ring1][C][#N][C][#N],[C][Branch1][Ring2][C][C][C][N+1][Branch1][#Branch1][C][C][C][C][Ring1][Branch1][C],982.715,338.15,101.325
1-butyl-1-methylpyrrolidinium trifluoromethanesulfonate,[F][C][Branch1][=Branch2][S][=Branch1][C][=O][=Branch1][C][=O][O-1][Branch1][C][F][F],[C][Branch1][Ring2][C][C][C][N+1][Branch1][#Branch1][C][C][C][C][Ring1][Branch1][C],1223.6125,338.15,101.325
"1-butyl-2,3-dimethyl-1H-imidazolium bis(trifluoromethylsulfonyl)amide",[F][C][Branch2][Ring1][Branch2][S][=Branch1][C][=O][=Branch1][C][=O][N-1][S][=Branch1][C][=O][=Branch1][C][=O][C][Branch1][C][F][Branch1][C][F][F][Branch1][C][F][F],[C][Branch1][Ring2][C][C][C][NH1+1][C][Branch1][=Branch2][N][Branch1][Branch1][C][=C][Ring1][Branch1][C][C],1382.15,338.15,101.325
"1-butyl-2,3-dimethylimidazolium hydrogen sulfate",[S][=Branch1][C][=O][=Branch1][C][=O][Branch1][C][O][O-1],[C][Branch1][Ring2][C][C][C][N+1][=C][Branch1][=Branch2][N][Branch1][Branch1][C][=C][Ring1][Branch1][C][C],1184.3,338.15,101.325
"1-butyl-2,3-dimethylpyridinium bis(trifluoromethylsulfonyl)amide",[F][C][Branch2][Ring1][Branch2][S][=Branch1][C][=O][=Branch1][C][=O][N-1][S][=Branch1][C][=O][=Branch1][C][=O][C][Branch1][C][F][Branch1][C][F][F][Branch1][C][F][F],[C][Branch1][Ring2][C][C][C][N+1][=C][Branch1][#Branch2][C][=Branch1][=Branch1][=C][C][=C][Ring1][=Branch1][C][C],1349.5,338.15,101.325
1-butyl-2-methylpyridinium tetrafluoroborate,[F][B-1][Branch1][C][F][Branch1][C][F][F],[C][Branch1][Ring2][C][C][C][N+1][=C][Branch1][#Branch1][C][=C][C][=C][Ring1][=Branch1][C],1175,338.15,101.325
1-butyl-3-(2-cyanoethyl)-1H-imidazol-3-ium dodecyl sulfate,[S][=Branch1][C][=O][=Branch1][C][=O][Branch1][=C][O][C][C][C][C][C][C][C][C][C][C][C][C][O-1],[C][Branch1][Ring2][C][C][C][N][C][=N+1][Branch1][Branch1][C][=C][Ring1][Branch1][C][C][C][#N],1093.6,338.15,101.325
1-butyl-3-(2-cyanoethyl)-1H-imidazolium benzenesulfonate,[C][=Branch1][Branch2][=C][C][=C][C][=C][Ring1][=Branch1][S][=Branch1][C][=O][=Branch1][C][=O][O-1],[C][Branch1][Ring2][C][C][C][NH1+1][C][N][Branch1][Branch1][C][=C][Ring1][Branch1][C][C][C][#N],1210.1,338.15,101.325
1-butyl-3-(2-cyanoethyl)-1H-imidazolium bromide,[Br-1],[C][Branch1][Ring2][C][C][C][NH1+1][C][N][Branch1][Branch1][C][=C][Ring1][Branch1][C][C][C][#N],1277.9,338.15,101.325
1-butyl-3-(6-hydroxyhexyl)-1H-imidazolium chloride,[Cl-1],[C][Branch1][Ring2][C][C][C][NH1+1][C][N][Branch1][Branch1][C][=C][Ring1][Branch1][C][C][C][C][C][C][O],1044.46,338.15,101.325
"1-butyl-3,5-dimethyl-2-pentylpyridinium bis(trifluoromethylsulfonyl)imide",[N-1][Branch1][S][S][=Branch1][C][=O][=Branch1][C][=O][C][Branch1][C][F][Branch1][C][F][F][S][=Branch1][C][=O][=Branch1][C][=O][C][Branch1][C][F][Branch1][C][F][F],[C][Branch1][Ring2][C][C][C][N+1][=C][Branch1][=N][C][=Branch1][=Branch2][=C][C][=Branch1][Ring2][=C][Ring1][=Branch1][C][C][C][C][C][C][C],1254.01,338.15,101.325
"1-butyl-3,5-dimethylpyridinium bis(trifluoromethylsulfonyl)amide",[F][C][Branch2][Ring1][Branch2][S][=Branch1][C][=O][=Branch1][C][=O][N-1][S][=Branch1][C][=O][=Branch1][C][=O][C][Branch1][C][F][Branch1][C][F][F][Branch1][C][F][F],[C][Branch1][Ring2][C][C][C][N+1][=C][C][=Branch1][=Branch2][=C][C][=Branch1][Ring2][=C][Ring1][=Branch1][C][C],1345.9,338.15,101.325
1-butyl-3-cyanopyridinium bis(trifluoromethylsulfonyl)imide,[N-1][Branch1][S][S][=Branch1][C][=O][=Branch1][C][=O][C][Branch1][C][F][Branch1][C][F][F][S][=Branch1][C][=O][=Branch1][C][=O][C][Branch1][C][F][Branch1][C][F][F],[C][Branch1][Ring2][C][C][C][N+1][=C][C][=Branch1][=Branch1][=C][C][=C][Ring1][=Branch1][C][#N],1443,338.15,101.325
1-butyl-3-methyl-1H-imidazolium (S)-2-amino-3-carboxypropanoate,[N][C@H1][Branch1][=Branch1][C][=Branch1][C][=O][O-1][C][C][=Branch1][C][=O][O],[C][Branch1][Ring2][C][C][C][NH1+1][C][N][Branch1][Branch1][C][=C][Ring1][Branch1][C],1148,338.15,101.325
1-butyl-3-methyl-1H-imidazolium bis(perfluorobutylsulfonyl)amide,[F][C][Branch2][Ring1][#Branch1][C][Branch1][S][C][Branch1][=Branch2][C][Branch1][C][F][Branch1][C][F][F][Branch1][C][F][F][Branch1][C][F][F][Branch2][Ring2][=C][S][=Branch1][C][=O][=Branch1][C][=O][N-1][S][=Branch1][C][=O][=Branch1][C][=O][C][Branch2][Ring1][#Branch1][C][Branch1][S][C][Branch1][=Branch2][C][Branch1][C][F][Branch1][C][F][F][Branch1][C][F][F][Branch1][C][F][F][Branch1][C][F][F][F],[C][Branch1][Ring2][C][C][C][NH1+1][C][N][Branch1][Branch1][C][=C][Ring1][Branch1][C],1564.2,338.15,101.325
1-butyl-3-methyl-1H-imidazolium dimethylphosphate,[C][O][P][=Branch1][C][=O][Branch1][Ring1][O][C][O-1],[C][Branch1][Ring2][C][C][C][NH1+1][C][N][Branch1][Branch1][C][=C][Ring1][Branch1][C],1132.8,338.15,100
1-butyl-3-methyl-1H-imidazolium dimethylphosphate,[C][O][P][=Branch1][C][=O][Branch1][Ring1][O][C][O-1],[C][Branch1][Ring2][C][C][C][NH1+1][C][N][Branch1][Branch1][C][=C][Ring1][Branch1][C],1132.8,338.15,101.325
1-butyl-3-methyl-1H-imidazolium tetracyanoborate,[C][#Branch1][C][#N][B-1][Branch1][Ring1][C][#N][Branch1][Ring1][C][#N][C][#N],[C][Branch1][Ring2][C][C][C][NH1+1][C][N][Branch1][Branch1][C][=C][Ring1][Branch1][C],980.5,338.15,101.325
1-butyl-3-methylimidazolium (S)-2-amino-4-carboxybutanoate,[N][C@H1][Branch1][=Branch1][C][=Branch1][C][=O][O-1][C][C][C][=Branch1][C][=O][O],[C][Branch1][Ring2][C][C][C][N+1][=C][N][Branch1][Branch1][C][=C][Ring1][Branch1][C],1177,338.15,101
1-butyl-3-methylimidazolium 2-acrylamido-2-methylpropanesulfonate,[C][Branch1][Ring1][C][=C][=Branch1][C][=O][N][C][Branch1][#Branch2][C][S][=Branch1][C][=O][=Branch1][C][=O][O-1][Branch1][C][C][C],[C][Branch1][Ring2][C][C][C][N+1][=C][N][Branch1][Branch1][C][=C][Ring1][Branch1][C],1128,338.15,101.325
1-butyl-3-methylimidazolium acetate,[C][Branch1][C][C][=Branch1][C][=O][O-1],[C][Branch1][Ring2][C][C][C][N+1][=C][N][Branch1][Branch1][C][=C][Ring1][Branch1][C],1028.001667,338.15,100
1-butyl-3-methylimidazolium acetate,[C][Branch1][C][C][=Branch1][C][=O][O-1],[C][Branch1][Ring2][C][C][C][N+1][=C][N][Branch1][Branch1][C][=C][Ring1][Branch1][C],1028.001667,338.15,101
1-butyl-3-methylimidazolium acetate,[C][Branch1][C][C][=Branch1][C][=O][O-1],[C][Branch1][Ring2][C][C][C][N+1][=C][N][Branch1][Branch1][C][=C][Ring1][Branch1][C],1028.001667,338.15,101.325
1-butyl-3-methylimidazolium bis(trifluoromethylsulfonyl)imide,[N-1][Branch1][S][S][=Branch1][C][=O][=Branch1][C][=O][C][Branch1][C][F][Branch1][C][F][F][S][=Branch1][C][=O][=Branch1][C][=O][C][Branch1][C][F][Branch1][C][F][F],[C][Branch1][Ring2][C][C][C][N+1][=C][N][Branch1][Branch1][C][=C][Ring1][Branch1][C],1397.941111,338.15,100
1-butyl-3-methylimidazolium bis(trifluoromethylsulfonyl)imide,[N-1][Branch1][S][S][=Branch1][C][=O][=Branch1][C][=O][C][Branch1][C][F][Branch1][C][F][F][S][=Branch1][C][=O][=Branch1][C][=O][C][Branch1][C][F][Branch1][C][F][F],[C][Branch1][Ring2][C][C][C][N+1][=C][N][Branch1][Branch1][C][=C][Ring1][Branch1][C],1397.941111,338.15,101
1-butyl-3-methylimidazolium bis(trifluoromethylsulfonyl)imide,[N-1][Branch1][S][S][=Branch1][C][=O][=Branch1][C][=O][C][Branch1][C][F][Branch1][C][F][F][S][=Branch1][C][=O][=Branch1][C][=O][C][Branch1][C][F][Branch1][C][F][F],[C][Branch1][Ring2][C][C][C][N+1][=C][N][Branch1][Branch1][C][=C][Ring1][Branch1][C],1397.941111,338.15,101.325
1-butyl-3-methylimidazolium dicyanamide,[N-1][Branch1][Ring1][C][#N][C][#N],[C][Branch1][Ring2][C][C][C][N+1][=C][N][Branch1][Branch1][C][=C][Ring1][Branch1][C],1036.052,338.15,100
1-butyl-3-methylimidazolium dicyanamide,[N-1][Branch1][Ring1][C][#N][C][#N],[C][Branch1][Ring2][C][C][C][N+1][=C][N][Branch1][Branch1][C][=C][Ring1][Branch1][C],1036.052,338.15,101.3
1-butyl-3-methylimidazolium dicyanamide,[N-1][Branch1][Ring1][C][#N][C][#N],[C][Branch1][Ring2][C][C][C][N+1][=C][N][Branch1][Branch1][C][=C][Ring1][Branch1][C],1036.052,338.15,101.325
1-butyl-3-methylimidazolium dihydrogen phosphate,[P][=Branch1][C][=O][Branch1][C][O][Branch1][C][O][O-1],[C][Branch1][Ring2][C][C][C][N+1][=C][N][Branch1][Branch1][C][=C][Ring1][Branch1][C],1149.4,338.15,101.325
1-butyl-3-methylimidazolium hexafluoroantimonate,[F][Sb-1][Branch1][C][F][Branch1][C][F][Branch1][C][F][Branch1][C][F][F],[C][Branch1][Ring2][C][C][C][N+1][=C][N][Branch1][Branch1][C][=C][Ring1][Branch1][C],1655.4,338.15,101.325
1-butyl-3-methylimidazolium hydrogen carbonate,[C][Branch1][C][O][Branch1][C][O-1][=O],[C][Branch1][Ring2][C][C][C][N+1][=C][N][Branch1][Branch1][C][=C][Ring1][Branch1][C],1128.9,338.15,101.325
1-butyl-3-methylimidazolium hydrogen sulfate,[S][=Branch1][C][=O][=Branch1][C][=O][Branch1][C][O][O-1],[C][Branch1][Ring2][C][C][C][N+1][=C][N][Branch1][Branch1][C][=C][Ring1][Branch1][C],1168.7,338.15,101.325
1-butyl-3-methylimidazolium L-serinate,[N][C@@H1][Branch1][Ring1][C][O][C][=Branch1][C][=O][O-1],[C][Branch1][Ring2][C][C][C][N+1][=C][N][Branch1][Branch1][C][=C][Ring1][Branch1][C],1130.6,338.15,101.325
1-butyl-3-methylimidazolium methyl sulfate,[S][=Branch1][C][=O][=Branch1][C][=O][Branch1][Ring1][O][C][O-1],[C][Branch1][Ring2][C][C][C][N+1][=C][N][Branch1][Branch1][C][=C][Ring1][Branch1][C],1181.796667,338.15,100
1-butyl-3-methylimidazolium methyl sulfate,[S][=Branch1][C][=O][=Branch1][C][=O][Branch1][Ring1][O][C][O-1],[C][Branch1][Ring2][C][C][C][N+1][=C][N][Branch1][Branch1][C][=C][Ring1][Branch1][C],1181.796667,338.15,101.325
1-butyl-3-methylimidazolium nitrate,[N+1][=Branch1][C][=O][Branch1][C][O-1][O-1],[C][Branch1][Ring2][C][C][C][N+1][=C][N][Branch1][Branch1][C][=C][Ring1][Branch1][C],1131.4,338.15,101.325
1-butyl-3-methylimidazolium octyl sulfate,[S][=Branch1][C][=O][=Branch1][C][=O][Branch1][#Branch2][O][C][C][C][C][C][C][C][C][O-1],[C][Branch1][Ring2][C][C][C][N+1][=C][N][Branch1][Branch1][C][=C][Ring1][Branch1][C],1041.9,338.15,101.325
1-butyl-3-methylimidazolium tetrafluoroborate,[F][B-1][Branch1][C][F][Branch1][C][F][F],[C][Branch1][Ring2][C][C][C][N+1][=C][N][Branch1][Branch1][C][=C][Ring1][Branch1][C],1176.764444,338.15,100
1-butyl-3-methylimidazolium tetrafluoroborate,[F][B-1][Branch1][C][F][Branch1][C][F][F],[C][Branch1][Ring2][C][C][C][N+1][=C][N][Branch1][Branch1][C][=C][Ring1][Branch1][C],1176.764444,338.15,101
1-butyl-3-methylimidazolium tetrafluoroborate,[F][B-1][Branch1][C][F][Branch1][C][F][F],[C][Branch1][Ring2][C][C][C][N+1][=C][N][Branch1][Branch1][C][=C][Ring1][Branch1][C],1176.764444,338.15,101.325
1-butyl-3-methylimidazolium thiocyanate,[S-1][C][#N],[C][Branch1][Ring2][C][C][C][N+1][=C][N][Branch1][Branch1][C][=C][Ring1][Branch1][C],1046.1775,338.15,100
1-butyl-3-methylimidazolium thiocyanate,[S-1][C][#N],[C][Branch1][Ring2][C][C][C][N+1][=C][N][Branch1][Branch1][C][=C][Ring1][Branch1][C],1046.1775,338.15,101
1-butyl-3-methylimidazolium thiocyanate,[S-1][C][#N],[C][Branch1][Ring2][C][C][C][N+1][=C][N][Branch1][Branch1][C][=C][Ring1][Branch1][C],1046.1775,338.15,101.325
1-butyl-3-methylimidazolium tricyanomethane,[C][#Branch1][C][#N][C][Branch1][Ring1][C][#N][C][#N],[C][Branch1][Ring2][C][C][C][N+1][=C][N][Branch1][Branch1][C][=C][Ring1][Branch1][C],1020.46,338.15,100
1-butyl-3-methylimidazolium tricyanomethane,[C][#Branch1][C][#N][C][Branch1][Ring1][C][#N][C][#N],[C][Branch1][Ring2][C][C][C][N+1][=C][N][Branch1][Branch1][C][=C][Ring1][Branch1][C],1020.46,338.15,101
1-butyl-3-methylimidazolium tricyanomethane,[C][#Branch1][C][#N][C][Branch1][Ring1][C][#N][C][#N],[C][Branch1][Ring2][C][C][C][N+1][=C][N][Branch1][Branch1][C][=C][Ring1][Branch1][C],1020.46,338.15,101.325
1-butyl-3-methylimidazolium trifluoroacetate,[F][C][Branch1][=Branch1][C][=Branch1][C][=O][O-1][Branch1][C][F][F],[C][Branch1][Ring2][C][C][C][N+1][=C][N][Branch1][Branch1][C][=C][Ring1][Branch1][C],1183,338.15,101.325
1-butyl-3-methylimidazolium trifluoromethanesulfonate,[F][C][Branch1][=Branch2][S][=Branch1][C][=O][=Branch1][C][=O][O-1][Branch1][C][F][F],[C][Branch1][Ring2][C][C][C][N+1][=C][N][Branch1][Branch1][C][=C][Ring1][Branch1][C],1267.015,338.15,101.325
"1-butyl-3-methylpyridinium 1,1,1-trifluoro-N-[(trifluoromethyl)sulfonyl]methanesulfonamide",[F][C][Branch2][Ring1][Branch2][S][=Branch1][C][=O][=Branch1][C][=O][N][S][=Branch1][C][=O][=Branch1][C][=O][C][Branch1][C][F][Branch1][C][F][F][Branch1][C][F][F],[C][Branch1][Ring2][C][C][C][N+1][=C][C][=Branch1][=Branch1][=C][C][=C][Ring1][=Branch1][C],1379.068333,338.15,101.325
"1-butyl-4-(4-sulfobutyl)-1H-1,2,4-triazol-4-ium trifluoromethanesulfonate",[F][C][Branch1][=Branch2][S][=Branch1][C][=O][=Branch1][C][=O][O-1][Branch1][C][F][F],[C][Branch1][Ring2][C][C][C][N][N][=C][N+1][=Branch1][Ring2][=C][Ring1][Branch1][C][C][C][C][S][=Branch1][C][=O][=Branch1][C][=O][O],1335.68,338.15,100
1-butyl-4-cyanopyridinium bis(trifluoromethylsulfonyl)imide,[N-1][Branch1][S][S][=Branch1][C][=O][=Branch1][C][=O][C][Branch1][C][F][Branch1][C][F][F][S][=Branch1][C][=O][=Branch1][C][=O][C][Branch1][C][F][Branch1][C][F][F],[C][Branch1][Ring2][C][C][C][N+1][=C][C][=C][Branch1][Branch1][C][=C][Ring1][=Branch1][C][#N],1437.7,338.15,101.33
1-butyl-4-methylpyridinium bis((trifluoromethyl)sulfonyl)amide,[F][C][Branch2][Ring1][Branch2][S][=Branch1][C][=O][=Branch1][C][=O][N-1][S][=Branch1][C][=O][=Branch1][C][=O][C][Branch1][C][F][Branch1][C][F][F][Branch1][C][F][F],[C][Branch1][Ring2][C][C][C][N+1][=C][C][=C][Branch1][Branch1][C][=C][Ring1][=Branch1][C],1378.9,338.15,101.325
1-butyl-4-methylpyridinium thiocyanate,[S-1][C][#N],[C][Branch1][Ring2][C][C][C][N+1][=C][C][=C][Branch1][Branch1][C][=C][Ring1][=Branch1][C],1037.89,338.15,100
1-butyl-4-methylpyridinium thiocyanate,[S-1][C][#N],[C][Branch1][Ring2][C][C][C][N+1][=C][C][=C][Branch1][Branch1][C][=C][Ring1][=Branch1][C],1037.89,338.15,101
1-butylpyridinium 2-acrylamido-2-methylpropanesulfonate,[C][Branch1][Ring1][C][=C][=Branch1][C][=O][N][C][Branch1][#Branch2][C][S][=Branch1][C][=O][=Branch1][C][=O][O-1][Branch1][C][C][C],[C][Branch1][Ring2][C][C][C][N+1][=C][C][=C][C][=C][Ring1][=Branch1],1168,338.15,101.325
1-butylpyridinium bis(fluorosulfonyl)amide,[F][S][=Branch1][C][=O][=Branch1][C][=O][N-1][S][=Branch1][C][=O][=Branch1][C][=O][F],[C][Branch1][Ring2][C][C][C][N+1][=C][C][=C][C][=C][Ring1][=Branch1],1336.3,338.15,101.325
1-butylpyridinium bis[(trifluoromethyl)sulfonyl]imide,[N-1][Branch1][S][S][=Branch1][C][=O][=Branch1][C][=O][C][Branch1][C][F][Branch1][C][F][F][S][=Branch1][C][=O][=Branch1][C][=O][C][Branch1][C][F][Branch1][C][F][F],[C][Branch1][Ring2][C][C][C][N+1][=C][C][=C][C][=C][Ring1][=Branch1],1412.896667,338.15,100
1-butylpyridinium bis[(trifluoromethyl)sulfonyl]imide,[N-1][Branch1][S][S][=Branch1][C][=O][=Branch1][C][=O][C][Branch1][C][F][Branch1][C][F][F][S][=Branch1][C][=O][=Branch1][C][=O][C][Branch1][C][F][Branch1][C][F][F],[C][Branch1][Ring2][C][C][C][N+1][=C][C][=C][C][=C][Ring1][=Branch1],1412.896667,338.15,101.325
1-butylpyridinium dicyanamide,[N-1][Branch1][Ring1][C][#N][C][#N],[C][Branch1][Ring2][C][C][C][N+1][=C][C][=C][C][=C][Ring1][=Branch1],1044.85,338.15,101
1-butylpyridinium dicyanamide,[N-1][Branch1][Ring1][C][#N][C][#N],[C][Branch1][Ring2][C][C][C][N+1][=C][C][=C][C][=C][Ring1][=Branch1],1044.85,338.15,101.325
1-butylpyridinium nitrate,[N+1][=Branch1][C][=O][Branch1][C][O-1][O-1],[C][Branch1][Ring2][C][C][C][N+1][=C][C][=C][C][=C][Ring1][=Branch1],1159.4,338.15,101.325
1-butylpyridinium tetrafluoroborate,[F][B-1][Branch1][C][F][Branch1][C][F][F],[C][Branch1][Ring2][C][C][C][N+1][=C][C][=C][C][=C][Ring1][=Branch1],1186.05,338.15,100
1-butylpyridinium tetrafluoroborate,[F][B-1][Branch1][C][F][Branch1][C][F][F],[C][Branch1][Ring2][C][C][C][N+1][=C][C][=C][C][=C][Ring1][=Branch1],1186.05,338.15,101.3
1-butylpyridinium trifluoroacetate,[F][C][Branch1][=Branch1][C][=Branch1][C][=O][O-1][Branch1][C][F][F],[C][Branch1][Ring2][C][C][C][N+1][=C][C][=C][C][=C][Ring1][=Branch1],1322.7,338.15,100
1-decyl-3-methyl-1H-imidazolium tetracyanoborate,[C][#Branch1][C][#N][B-1][Branch1][Ring1][C][#N][Branch1][Ring1][C][#N][C][#N],[C][Branch1][#Branch2][C][C][C][C][C][C][C][C][C][NH1+1][C][N][Branch1][Branch1][C][=C][Ring1][Branch1][C],935.53,338.15,101.325
1-decylpyridinium bis(trifluoromethylsulfonyl)imide,[N-1][Branch1][S][S][=Branch1][C][=O][=Branch1][C][=O][C][Branch1][C][F][Branch1][C][F][F][S][=Branch1][C][=O][=Branch1][C][=O][C][Branch1][C][F][Branch1][C][F][F],[C][Branch1][#Branch2][C][C][C][C][C][C][C][C][C][N+1][=C][C][=C][C][=C][Ring1][=Branch1],1250.2,338.15,101.325
1-dodecyl-3-methyl-1H-imidazolium bis(trifluoromethylsulfonyl)amide,[F][C][Branch2][Ring1][Branch2][S][=Branch1][C][=O][=Branch1][C][=O][N-1][S][=Branch1][C][=O][=Branch1][C][=O][C][Branch1][C][F][Branch1][C][F][F][Branch1][C][F][F],[C][Branch1][N][C][C][C][C][C][C][C][C][C][C][C][NH1+1][C][N][Branch1][Branch1][C][=C][Ring1][Branch1][C],1208.9,338.15,100
1-dodecyl-3-methyl-1H-imidazolium bis(trifluoromethylsulfonyl)amide,[F][C][Branch2][Ring1][Branch2][S][=Branch1][C][=O][=Branch1][C][=O][N-1][S][=Branch1][C][=O][=Branch1][C][=O][C][Branch1][C][F][Branch1][C][F][F][Branch1][C][F][F],[C][Branch1][N][C][C][C][C][C][C][C][C][C][C][C][NH1+1][C][N][Branch1][Branch1][C][=C][Ring1][Branch1][C],1208.9,338.15,101.325
1-dodecylpyridinium bis(trifluoromethylsulfonyl)imide,[N-1][Branch1][S][S][=Branch1][C][=O][=Branch1][C][=O][C][Branch1][C][F][Branch1][C][F][F][S][=Branch1][C][=O][=Branch1][C][=O][C][Branch1][C][F][Branch1][C][F][F],[C][Branch1][N][C][C][C][C][C][C][C][C][C][C][C][N+1][=C][C][=C][C][=C][Ring1][=Branch1],1216,338.15,101.325
1-ethyl-1H-imidazolium acetate,[C][Branch1][C][C][=Branch1][C][=O][O-1],[C][Branch1][C][C][NH1+1][C][=N][C][=C][Ring1][Branch1],999.8,338.15,101.325
1-ethyl-1-methylpiperidinium ethyl sulfate,[S][=Branch1][C][=O][=Branch1][C][=O][Branch1][Ring2][O][C][C][O-1],[C][Branch1][C][C][N+1][Branch1][Branch2][C][C][C][C][C][Ring1][=Branch1][C],1156.6,338.15,101
1-ethyl-1-methylpyrrolidinium acetate,[C][Branch1][C][C][=Branch1][C][=O][O-1],[C][Branch1][C][C][N+1][Branch1][#Branch1][C][C][C][C][Ring1][Branch1][C],1041.8,338.15,100
1-ethyl-1-methylpyrrolidinium ethyl sulfate,[S][=Branch1][C][=O][=Branch1][C][=O][Branch1][Ring2][O][C][C][O-1],[C][Branch1][C][C][N+1][Branch1][#Branch1][C][C][C][C][Ring1][Branch1][C],1167,338.15,101
1-ethyl-1-methylpyrrolidinium ethyl sulfate,[S][=Branch1][C][=O][=Branch1][C][=O][Branch1][Ring2][O][C][C][O-1],[C][Branch1][C][C][N+1][Branch1][#Branch1][C][C][C][C][Ring1][Branch1][C],1167,338.15,101.325
1-ethyl-1-methylpyrrolidinium glycolate,[C][Branch1][Ring1][C][O][=Branch1][C][=O][O-1],[C][Branch1][C][C][N+1][Branch1][#Branch1][C][C][C][C][Ring1][Branch1][C],1108.1,338.15,100
"1-ethyl-2,3-dimethylimidazolium bis[(trifluoromethyl)sulfonyl]imide",[N-1][Branch1][S][S][=Branch1][C][=O][=Branch1][C][=O][C][Branch1][C][F][Branch1][C][F][F][S][=Branch1][C][=O][=Branch1][C][=O][C][Branch1][C][F][Branch1][C][F][F],[C][Branch1][C][C][N+1][=C][Branch1][=Branch2][N][Branch1][Branch1][C][=C][Ring1][Branch1][C][C],1454.5,338.15,101.325
"1-ethyl-2,3-dimethylimidazolium hydrogen sulfate",[S][=Branch1][C][=O][=Branch1][C][=O][Branch1][C][O][O-1],[C][Branch1][C][C][N+1][=C][Branch1][=Branch2][N][Branch1][Branch1][C][=C][Ring1][Branch1][C][C],1224.8,338.15,101.325
1-ethyl-2-heptylpyridin-1-ium bis((trifluoromethyl)sulfonyl)imide,[N-1][Branch1][S][S][=Branch1][C][=O][=Branch1][C][=O][C][Branch1][C][F][Branch1][C][F][F][S][=Branch1][C][=O][=Branch1][C][=O][C][Branch1][C][F][Branch1][C][F][F],[C][Branch1][C][C][N+1][=C][Branch1][#Branch1][C][=C][C][=C][Ring1][=Branch1][C][C][C][C][C][C][C],1286.7,338.15,101.325
1-ethyl-2-hexylpyridin-1-ium bis((trifluoromethyl)sulfonyl)imide,[N-1][Branch1][S][S][=Branch1][C][=O][=Branch1][C][=O][C][Branch1][C][F][Branch1][C][F][F][S][=Branch1][C][=O][=Branch1][C][=O][C][Branch1][C][F][Branch1][C][F][F],[C][Branch1][C][C][N+1][=C][Branch1][#Branch1][C][=C][C][=C][Ring1][=Branch1][C][C][C][C][C][C],1309.7,338.15,101.325
1-ethyl-2-methylpyridinium bis((trifluoromethyl)sulfonyl)amide,[F][C][Branch2][Ring1][Branch2][S][=Branch1][C][=O][=Branch1][C][=O][N-1][S][=Branch1][C][=O][=Branch1][C][=O][C][Branch1][C][F][Branch1][C][F][F][Branch1][C][F][F],[C][Branch1][C][C][N+1][=C][Branch1][#Branch1][C][=C][C][=C][Ring1][=Branch1][C],1467.11,338.15,101.325
1-ethyl-2-octylpyridin-1-ium bis((trifluoromethyl)sulfonyl)imide,[N-1][Branch1][S][S][=Branch1][C][=O][=Branch1][C][=O][C][Branch1][C][F][Branch1][C][F][F][S][=Branch1][C][=O][=Branch1][C][=O][C][Branch1][C][F][Branch1][C][F][F],[C][Branch1][C][C][N+1][=C][Branch1][#Branch1][C][=C][C][=C][Ring1][=Branch1][C][C][C][C][C][C][C][C],1264,338.15,101.325
1-ethyl-2-pentylpyridin-1-ium bis((trifluoromethyl)sulfonyl)imide,[N-1][Branch1][S][S][=Branch1][C][=O][=Branch1][C][=O][C][Branch1][C][F][Branch1][C][F][F][S][=Branch1][C][=O][=Branch1][C][=O][C][Branch1][C][F][Branch1][C][F][F],[C][Branch1][C][C][N+1][=C][Branch1][#Branch1][C][=C][C][=C][Ring1][=Branch1][C][C][C][C][C],1335.8,338.15,101.325
1-ethyl-2-propylpyridin-1-ium bis((trifluoromethyl)sulfonyl)imide,[N-1][Branch1][S][S][=Branch1][C][=O][=Branch1][C][=O][C][Branch1][C][F][Branch1][C][F][F][S][=Branch1][C][=O][=Branch1][C][=O][C][Branch1][C][F][Branch1][C][F][F],[C][Branch1][C][C][N+1][=C][Branch1][#Branch1][C][=C][C][=C][Ring1][=Branch1][C][C][C],1410,338.15,101.325
1-ethyl-3-(2-methoxyethyl)imidazolium acetate,[C][Branch1][C][C][=Branch1][C][=O][O-1],[C][Branch1][C][C][N+1][=C][N][Branch1][Branch1][C][=C][Ring1][Branch1][C][C][O][C],1166.1,338.15,100
1-ethyl-3-(2-methoxyethyl)imidazolium bis(trifluoromethylsulfonyl)imide,[N-1][Branch1][S][S][=Branch1][C][=O][=Branch1][C][=O][C][Branch1][C][F][Branch1][C][F][F][S][=Branch1][C][=O][=Branch1][C][=O][C][Branch1][C][F][Branch1][C][F][F],[C][Branch1][C][C][N+1][=C][N][Branch1][Branch1][C][=C][Ring1][Branch1][C][C][O][C],1423.5,338.15,100
1-ethyl-3-(2-methoxyethyl)imidazolium dicyanamide,[N-1][Branch1][Ring1][C][#N][C][#N],[C][Branch1][C][C][N+1][=C][N][Branch1][Branch1][C][=C][Ring1][Branch1][C][C][O][C],1087,338.15,101.325
1-ethyl-3-(2-methoxyethyl)imidazolium thiocyanate,[S-1][C][#N],[C][Branch1][C][C][N+1][=C][N][Branch1][Branch1][C][=C][Ring1][Branch1][C][C][O][C],1096.9,338.15,100
1-ethyl-3-(2-methoxyethyl)imidazolium trifluoromethanesulfonate,[F][C][Branch1][=Branch2][S][=Branch1][C][=O][=Branch1][C][=O][O-1][Branch1][C][F][F],[C][Branch1][C][C][N+1][=C][N][Branch1][Branch1][C][=C][Ring1][Branch1][C][C][O][C],1322.1,338.15,100
1-ethyl-3-(6-hydroxyhexyl)-1H-imidazolium chloride,[Cl-1],[C][Branch1][C][C][NH1+1][C][N][Branch1][Branch1][C][=C][Ring1][Branch1][C][C][C][C][C][C][O],1083.1,338.15,101.325
"1-ethyl-3,5-dimethyl-2-pentylpyridinium bis(trifluoromethylsulfonyl)imide",[N-1][Branch1][S][S][=Branch1][C][=O][=Branch1][C][=O][C][Branch1][C][F][Branch1][C][F][F][S][=Branch1][C][=O][=Branch1][C][=O][C][Branch1][C][F][Branch1][C][F][F],[C][Branch1][C][C][N+1][=C][Branch1][=N][C][=Branch1][=Branch2][=C][C][=Branch1][Ring2][=C][Ring1][=Branch1][C][C][C][C][C][C][C],1289.3,338.15,101.325
1-ethyl-3-methyl-1H-imidazolium bis(fluorosulfonyl)amide,[F][S][=Branch1][C][=O][=Branch1][C][=O][N-1][S][=Branch1][C][=O][=Branch1][C][=O][F],[C][Branch1][C][C][NH1+1][C][N][Branch1][Branch1][C][=C][Ring1][Branch1][C],1405.1,338.15,101.325
1-ethyl-3-methyl-1H-imidazolium L-prolinate,[N][C@@H1][Branch1][=Branch1][C][C][C][Ring1][Branch1][C][=Branch1][C][=O][O-1],[C][Branch1][C][C][NH1+1][C][N][Branch1][Branch1][C][=C][Ring1][Branch1][C],1124.05,338.15,101.325
1-ethyl-3-methyl-1H-imidazolium tricyanomethanide,[C][#Branch1][C][#N][C-1][Branch1][Ring1][C][#N][C][#N],[C][Branch1][C][C][NH1+1][C][N][Branch1][Branch1][C][=C][Ring1][Branch1][C],1053.61,338.15,101
1-ethyl-3-methyl-1H-imidazolium tricyanomethanide,[C][#Branch1][C][#N][C-1][Branch1][Ring1][C][#N][C][#N],[C][Branch1][C][C][NH1+1][C][N][Branch1][Branch1][C][=C][Ring1][Branch1][C],1053.61,338.15,101.325
1-ethyl-3-methylimidazolium 2-acrylamido-2-methylpropanesulfonate,[C][Branch1][Ring1][C][=C][=Branch1][C][=O][N][C][Branch1][#Branch2][C][S][=Branch1][C][=O][=Branch1][C][=O][O-1][Branch1][C][C][C],[C][Branch1][C][C][N+1][=C][N][Branch1][Branch1][C][=C][Ring1][Branch1][C],1168,338.15,101.325
1-ethyl-3-methylimidazolium 4-methylbenzenesulfonate,[C][C][=C][C][=C][Branch1][Branch1][C][=C][Ring1][=Branch1][S][=Branch1][C][=O][=Branch1][C][=O][O-1],[C][Branch1][C][C][N+1][=C][N][Branch1][Branch1][C][=C][Ring1][Branch1][C],1198.6,338.15,100
1-ethyl-3-methylimidazolium 4-methylbenzenesulfonate,[C][C][=C][C][=C][Branch1][Branch1][C][=C][Ring1][=Branch1][S][=Branch1][C][=O][=Branch1][C][=O][O-1],[C][Branch1][C][C][N+1][=C][N][Branch1][Branch1][C][=C][Ring1][Branch1][C],1198.6,338.15,101.325
1-ethyl-3-methylimidazolium acetate,[C][Branch1][C][C][=Branch1][C][=O][O-1],[C][Branch1][C][C][N+1][=C][N][Branch1][Branch1][C][=C][Ring1][Branch1][C],1075.083,338.15,101
1-ethyl-3-methylimidazolium acetate,[C][Branch1][C][C][=Branch1][C][=O][O-1],[C][Branch1][C][C][N+1][=C][N][Branch1][Branch1][C][=C][Ring1][Branch1][C],1075.083,338.15,101.325
1-ethyl-3-methylimidazolium ammonioacetate,[NH3+1][C][C][=Branch1][C][=O][O-1],[C][Branch1][C][C][N+1][=C][N][Branch1][Branch1][C][=C][Ring1][Branch1][C],1133.25,338.15,101.325
1-ethyl-3-methylimidazolium bis((trifluoromethyl)sulfonyl)imide,[N-1][Branch1][S][S][=Branch1][C][=O][=Branch1][C][=O][C][Branch1][C][F][Branch1][C][F][F][S][=Branch1][C][=O][=Branch1][C][=O][C][Branch1][C][F][Branch1][C][F][F],[C][Branch1][C][C][N+1][=C][N][Branch1][Branch1][C][=C][Ring1][Branch1][C],1478.4475,338.15,101
1-ethyl-3-methylimidazolium bis((trifluoromethyl)sulfonyl)imide,[N-1][Branch1][S][S][=Branch1][C][=O][=Branch1][C][=O][C][Branch1][C][F][Branch1][C][F][F][S][=Branch1][C][=O][=Branch1][C][=O][C][Branch1][C][F][Branch1][C][F][F],[C][Branch1][C][C][N+1][=C][N][Branch1][Branch1][C][=C][Ring1][Branch1][C],1478.4475,338.15,101.325
1-ethyl-3-methylimidazolium decyl sulfate,[S][=Branch1][C][=O][=Branch1][C][=O][Branch1][N][O][C][C][C][C][C][C][C][C][C][C][O-1],[C][Branch1][C][C][N+1][=C][N][Branch1][Branch1][C][=C][Ring1][Branch1][C],1073.9,338.15,101.325
1-ethyl-3-methylimidazolium dicyanamide,[N-1][Branch1][Ring1][C][#N][C][#N],[C][Branch1][C][C][N+1][=C][N][Branch1][Branch1][C][=C][Ring1][Branch1][C],1077.34,338.15,101.3
1-ethyl-3-methylimidazolium dicyanamide,[N-1][Branch1][Ring1][C][#N][C][#N],[C][Branch1][C][C][N+1][=C][N][Branch1][Branch1][C][=C][Ring1][Branch1][C],1077.34,338.15,101.325
1-ethyl-3-methylimidazolium diethyl phosphate,[P][=Branch1][C][=O][Branch1][Ring2][O][C][C][Branch1][Ring2][O][C][C][O-1],[C][Branch1][C][C][N+1][=C][N][Branch1][Branch1][C][=C][Ring1][Branch1][C],1117.2,338.15,101.325
1-ethyl-3-methylimidazolium dimethylphosphate,[C][O][P][=Branch1][C][=O][Branch1][Ring1][O][C][O-1],[C][Branch1][C][C][N+1][=C][N][Branch1][Branch1][C][=C][Ring1][Branch1][C],1190.6,338.15,101.325
1-ethyl-3-methylimidazolium ethyl sulfate,[S][=Branch1][C][=O][=Branch1][C][=O][Branch1][Ring2][O][C][C][O-1],[C][Branch1][C][C][N+1][=C][N][Branch1][Branch1][C][=C][Ring1][Branch1][C],1209.621,338.15,100
1-ethyl-3-methylimidazolium ethyl sulfate,[S][=Branch1][C][=O][=Branch1][C][=O][Branch1][Ring2][O][C][C][O-1],[C][Branch1][C][C][N+1][=C][N][Branch1][Branch1][C][=C][Ring1][Branch1][C],1209.621,338.15,101
1-ethyl-3-methylimidazolium ethyl sulfate,[S][=Branch1][C][=O][=Branch1][C][=O][Branch1][Ring2][O][C][C][O-1],[C][Branch1][C][C][N+1][=C][N][Branch1][Branch1][C][=C][Ring1][Branch1][C],1209.621,338.15,101.325
1-ethyl-3-methylimidazolium hydrogen sulfate,[S][=Branch1][C][=O][=Branch1][C][=O][Branch1][C][O][O-1],[C][Branch1][C][C][N+1][=C][N][Branch1][Branch1][C][=C][Ring1][Branch1][C],1341.98,338.15,101.325
1-ethyl-3-methylimidazolium L-alaninate,[N][C@@H1][Branch1][C][C][C][=Branch1][C][=O][O-1],[C][Branch1][C][C][N+1][=C][N][Branch1][Branch1][C][=C][Ring1][Branch1][C],1104.45,338.15,101.325
1-ethyl-3-methylimidazolium methanesulfonate,[C][S][=Branch1][C][=O][=Branch1][C][=O][O-1],[C][Branch1][C][C][N+1][=C][N][Branch1][Branch1][C][=C][Ring1][Branch1][C],1214.584,338.15,101
1-ethyl-3-methylimidazolium methanesulfonate,[C][S][=Branch1][C][=O][=Branch1][C][=O][O-1],[C][Branch1][C][C][N+1][=C][N][Branch1][Branch1][C][=C][Ring1][Branch1][C],1214.584,338.15,101.325
1-ethyl-3-methylimidazolium methyl phosphonate,[P][Branch1][Ring1][O][C][Branch1][C][O-1][=O],[C][Branch1][C][C][N+1][=C][N][Branch1][Branch1][C][=C][Ring1][Branch1][C],1165.7,338.15,101.325
1-ethyl-3-methylimidazolium methyl sulfate,[S][=Branch1][C][=O][=Branch1][C][=O][Branch1][Ring1][O][C][O-1],[C][Branch1][C][C][N+1][=C][N][Branch1][Branch1][C][=C][Ring1][Branch1][C],1256.425,338.15,101.325
1-ethyl-3-methylimidazolium octyl sulfate,[S][=Branch1][C][=O][=Branch1][C][=O][Branch1][#Branch2][O][C][C][C][C][C][C][C][C][O-1],[C][Branch1][C][C][N+1][=C][N][Branch1][Branch1][C][=C][Ring1][Branch1][C],1068.725,338.15,101.325
1-ethyl-3-methylimidazolium taurinate,[N][C][C][S][=Branch1][C][=O][=Branch1][C][=O][O-1],[C][Branch1][C][C][N+1][=C][N][Branch1][Branch1][C][=C][Ring1][Branch1][C],1226,338.15,101.325
1-ethyl-3-methylimidazolium tetracyanoborate,[C][#Branch1][C][#N][B-1][Branch1][Ring1][C][#N][Branch1][Ring1][C][#N][C][#N],[C][Branch1][C][C][N+1][=C][N][Branch1][Branch1][C][=C][Ring1][Branch1][C],1005.495,338.15,101.325
1-ethyl-3-methylimidazolium tetrafluoroborate,[F][B-1][Branch1][C][F][Branch1][C][F][F],[C][Branch1][C][C][N+1][=C][N][Branch1][Branch1][C][=C][Ring1][Branch1][C],1253.16,338.15,101
1-ethyl-3-methylimidazolium tetrafluoroborate,[F][B-1][Branch1][C][F][Branch1][C][F][F],[C][Branch1][C][C][N+1][=C][N][Branch1][Branch1][C][=C][Ring1][Branch1][C],1253.16,338.15,101.325
1-ethyl-3-methylimidazolium thiocyanate,[S-1][C][#N],[C][Branch1][C][C][N+1][=C][N][Branch1][Branch1][C][=C][Ring1][Branch1][C],1093.825,338.15,100
1-ethyl-3-methylimidazolium thiocyanate,[S-1][C][#N],[C][Branch1][C][C][N+1][=C][N][Branch1][Branch1][C][=C][Ring1][Branch1][C],1093.825,338.15,101.325
1-ethyl-3-methylimidazolium trifluoroacetate,[F][C][Branch1][=Branch1][C][=Branch1][C][=O][O-1][Branch1][C][F][F],[C][Branch1][C][C][N+1][=C][N][Branch1][Branch1][C][=C][Ring1][Branch1][C],1259,338.15,101
1-ethyl-3-methylimidazolium trifluoromethanesulfonate,[F][C][Branch1][=Branch2][S][=Branch1][C][=O][=Branch1][C][=O][O-1][Branch1][C][F][F],[C][Branch1][C][C][N+1][=C][N][Branch1][Branch1][C][=C][Ring1][Branch1][C],1350.358,338.15,101
1-ethyl-3-methylimidazolium trifluoromethanesulfonate,[F][C][Branch1][=Branch2][S][=Branch1][C][=O][=Branch1][C][=O][O-1][Branch1][C][F][F],[C][Branch1][C][C][N+1][=C][N][Branch1][Branch1][C][=C][Ring1][Branch1][C],1350.358,338.15,101.325
1-ethyl-3-methylpyridinium bis((trifluoromethyl)sulfonyl)amide,[F][C][Branch2][Ring1][Branch2][S][=Branch1][C][=O][=Branch1][C][=O][N-1][S][=Branch1][C][=O][=Branch1][C][=O][C][Branch1][C][F][Branch1][C][F][F][Branch1][C][F][F],[C][Branch1][C][C][N+1][=C][C][=Branch1][=Branch1][=C][C][=C][Ring1][=Branch1][C],1450.255,338.15,101.325
1-ethyl-3-methylpyridinium bis(fluorosulfonyl)amide,[F][S][=Branch1][C][=O][=Branch1][C][=O][N-1][S][=Branch1][C][=O][=Branch1][C][=O][F],[C][Branch1][C][C][N+1][=C][C][=Branch1][=Branch1][=C][C][=C][Ring1][=Branch1][C],1373.1,338.15,101.325
1-ethyl-3-methylpyridinium perfluoropentanoate,[F][C][Branch1][=Branch1][C][=Branch1][C][=O][O-1][Branch2][Ring1][#Branch1][C][Branch1][S][C][Branch1][=Branch2][C][Branch1][C][F][Branch1][C][F][F][Branch1][C][F][F][Branch1][C][F][F][F],[C][Branch1][C][C][N+1][=C][C][=Branch1][=Branch1][=C][C][=C][Ring1][=Branch1][C],1414.3,338.15,101.325
1-ethyl-3-pentylimidazolium bis((trifluoromethyl)sulfonyl)imide,[N-1][Branch1][S][S][=Branch1][C][=O][=Branch1][C][=O][C][Branch1][C][F][Branch1][C][F][F][S][=Branch1][C][=O][=Branch1][C][=O][C][Branch1][C][F][Branch1][C][F][F],[C][Branch1][C][C][N+1][=C][N][Branch1][Branch1][C][=C][Ring1][Branch1][C][C][C][C][C],1354.7,338.15,101.325
1-ethyl-3-propylimidazolium bis(trifluoromethylsulfonyl)imide,[N-1][Branch1][S][S][=Branch1][C][=O][=Branch1][C][=O][C][Branch1][C][F][Branch1][C][F][F][S][=Branch1][C][=O][=Branch1][C][=O][C][Branch1][C][F][Branch1][C][F][F],[C][Branch1][C][C][N+1][=C][N][Branch1][Branch1][C][=C][Ring1][Branch1][C][C][C],1417.4,338.15,101.325
1-ethyl-4-methylpyridinium bis((trifluoromethyl)sulfonyl)amide,[F][C][Branch2][Ring1][Branch2][S][=Branch1][C][=O][=Branch1][C][=O][N-1][S][=Branch1][C][=O][=Branch1][C][=O][C][Branch1][C][F][Branch1][C][F][F][Branch1][C][F][F],[C][Branch1][C][C][N+1][=C][C][=C][Branch1][Branch1][C][=C][Ring1][=Branch1][C],1451.53,338.15,101.325
1-ethylpyridinium bis(fluorosulfonyl)amide,[F][S][=Branch1][C][=O][=Branch1][C][=O][N-1][S][=Branch1][C][=O][=Branch1][C][=O][F],[C][Branch1][C][C][N+1][=C][C][=C][C][=C][Ring1][=Branch1],1423.7,338.15,101.325
1-ethylpyridinium bis[(trifluoromethyl)sulfonyl]imide,[N-1][Branch1][S][S][=Branch1][C][=O][=Branch1][C][=O][C][Branch1][C][F][Branch1][C][F][F][S][=Branch1][C][=O][=Branch1][C][=O][C][Branch1][C][F][Branch1][C][F][F],[C][Branch1][C][C][N+1][=C][C][=C][C][=C][Ring1][=Branch1],1498.955,338.15,101.325
1-ethylpyridinium trifluoroacetate,[F][C][Branch1][=Branch1][C][=Branch1][C][=O][O-1][Branch1][C][F][F],[C][Branch1][C][C][N+1][=C][C][=C][C][=C][Ring1][=Branch1],1384.9,338.15,100
1-heptyl-3-methylimidazolium bis(trifluoromethylsulfonyl)amide,[F][C][Branch2][Ring1][Branch2][S][=Branch1][C][=O][=Branch1][C][=O][N-1][S][=Branch1][C][=O][=Branch1][C][=O][C][Branch1][C][F][Branch1][C][F][F][Branch1][C][F][F],[C][Branch1][#Branch1][C][C][C][C][C][C][N+1][=C][N][Branch1][Branch1][C][=C][Ring1][Branch1][C],1308.41,338.15,101.325
1-heptyl-3-methylimidazolium bromide,[Br-1],[C][Branch1][#Branch1][C][C][C][C][C][C][N+1][=C][N][Branch1][Branch1][C][=C][Ring1][Branch1][C],1169.1,338.15,101.325
1-hexyl-1-methylpyrrolidinium bis(trifluoromethanesulfonyl)imide,[N-1][Branch1][S][S][=Branch1][C][=O][=Branch1][C][=O][C][Branch1][C][F][Branch1][C][F][F][S][=Branch1][C][=O][=Branch1][C][=O][C][Branch1][C][F][Branch1][C][F][F],[C][Branch1][=Branch1][C][C][C][C][C][N+1][Branch1][#Branch1][C][C][C][C][Ring1][Branch1][C],1301.865,338.15,100
1-hexyl-1-methylpyrrolidinium bis(trifluoromethanesulfonyl)imide,[N-1][Branch1][S][S][=Branch1][C][=O][=Branch1][C][=O][C][Branch1][C][F][Branch1][C][F][F][S][=Branch1][C][=O][=Branch1][C][=O][C][Branch1][C][F][Branch1][C][F][F],[C][Branch1][=Branch1][C][C][C][C][C][N+1][Branch1][#Branch1][C][C][C][C][Ring1][Branch1][C],1301.865,338.15,101.325
"1-hexyl-2,3,5-trimethylpyridinium bis(trifluoromethylsulfonyl)imide",[N-1][Branch1][S][S][=Branch1][C][=O][=Branch1][C][=O][C][Branch1][C][F][Branch1][C][F][F][S][=Branch1][C][=O][=Branch1][C][=O][C][Branch1][C][F][Branch1][C][F][F],[C][Branch1][=Branch1][C][C][C][C][C][N+1][=C][Branch1][=N][C][=Branch1][=Branch2][=C][C][=Branch1][Ring2][=C][Ring1][=Branch1][C][C][C],1301.66,338.15,101.325
"1-hexyl-2-ethyl-3,5-dimethylpyridinium 1,1,1-trifluoro-N-[(trifluoromethyl)sulfonyl]methanesulfonamide",[F][C][Branch2][Ring1][Branch2][S][=Branch1][C][=O][=Branch1][C][=O][N][S][=Branch1][C][=O][=Branch1][C][=O][C][Branch1][C][F][Branch1][C][F][F][Branch1][C][F][F],[C][Branch1][=Branch1][C][C][C][C][C][N+1][=C][Branch1][=N][C][=Branch1][=Branch2][=C][C][=Branch1][Ring2][=C][Ring1][=Branch1][C][C][C][C],1275.9,338.15,101.325
"1-hexyl-3,5-dimethyl-2-pentylpyridinium bis(trifluoromethylsulfonyl)imide",[N-1][Branch1][S][S][=Branch1][C][=O][=Branch1][C][=O][C][Branch1][C][F][Branch1][C][F][F][S][=Branch1][C][=O][=Branch1][C][=O][C][Branch1][C][F][Branch1][C][F][F],[C][Branch1][=Branch1][C][C][C][C][C][N+1][=C][Branch1][=N][C][=Branch1][=Branch2][=C][C][=Branch1][Ring2][=C][Ring1][=Branch1][C][C][C][C][C][C][C],1220.07,338.15,101.325
1-hexyl-3-methylimidazolium bis[(trifluoromethyl)sulfonyl]imide,[N-1][Branch1][S][S][=Branch1][C][=O][=Branch1][C][=O][C][Branch1][C][F][Branch1][C][F][F][S][=Branch1][C][=O][=Branch1][C][=O][C][Branch1][C][F][Branch1][C][F][F],[C][Branch1][=Branch1][C][C][C][C][C][N+1][=C][N][Branch1][Branch1][C][=C][Ring1][Branch1][C],1334.865,338.15,100
1-hexyl-3-methylimidazolium bis[(trifluoromethyl)sulfonyl]imide,[N-1][Branch1][S][S][=Branch1][C][=O][=Branch1][C][=O][C][Branch1][C][F][Branch1][C][F][F][S][=Branch1][C][=O][=Branch1][C][=O][C][Branch1][C][F][Branch1][C][F][F],[C][Branch1][=Branch1][C][C][C][C][C][N+1][=C][N][Branch1][Branch1][C][=C][Ring1][Branch1][C],1334.865,338.15,101
1-hexyl-3-methylimidazolium bis[(trifluoromethyl)sulfonyl]imide,[N-1][Branch1][S][S][=Branch1][C][=O][=Branch1][C][=O][C][Branch1][C][F][Branch1][C][F][F][S][=Branch1][C][=O][=Branch1][C][=O][C][Branch1][C][F][Branch1][C][F][F],[C][Branch1][=Branch1][C][C][C][C][C][N+1][=C][N][Branch1][Branch1][C][=C][Ring1][Branch1][C],1334.865,338.15,101.325
1-hexyl-3-methylimidazolium dicyanamide,[N-1][Branch1][Ring1][C][#N][C][#N],[C][Branch1][=Branch1][C][C][C][C][C][N+1][=C][N][Branch1][Branch1][C][=C][Ring1][Branch1][C],1009.35,338.15,101.3
1-hexyl-3-methylimidazolium dicyanamide,[N-1][Branch1][Ring1][C][#N][C][#N],[C][Branch1][=Branch1][C][C][C][C][C][N+1][=C][N][Branch1][Branch1][C][=C][Ring1][Branch1][C],1009.35,338.15,101.325
1-hexyl-3-methylimidazolium iodide,[I-1],[C][Branch1][=Branch1][C][C][C][C][C][N+1][=C][N][Branch1][Branch1][C][=C][Ring1][Branch1][C],1312,338.15,101.325
1-hexyl-3-methylimidazolium tetracyanoborate,[C][#Branch1][C][#N][B-1][Branch1][Ring1][C][#N][Branch1][Ring1][C][#N][C][#N],[C][Branch1][=Branch1][C][C][C][C][C][N+1][=C][N][Branch1][Branch1][C][=C][Ring1][Branch1][C],962.16,338.15,101.325
1-hexyl-3-methylimidazolium tetrafluoroborate,[F][B-1][Branch1][C][F][Branch1][C][F][F],[C][Branch1][=Branch1][C][C][C][C][C][N+1][=C][N][Branch1][Branch1][C][=C][Ring1][Branch1][C],1122.338,338.15,101.325
1-hexyl-3-methylimidazolium trifluoromethanesulfonate,[F][C][Branch1][=Branch2][S][=Branch1][C][=O][=Branch1][C][=O][O-1][Branch1][C][F][F],[C][Branch1][=Branch1][C][C][C][C][C][N+1][=C][N][Branch1][Branch1][C][=C][Ring1][Branch1][C],1207.11,338.15,101.325
"1-hexyl-3-methylpyridinium 1,1,1-trifluoro-N-[(trifluoromethyl)sulfonyl]methanesulfonamide",[F][C][Branch2][Ring1][Branch2][S][=Branch1][C][=O][=Branch1][C][=O][N][S][=Branch1][C][=O][=Branch1][C][=O][C][Branch1][C][F][Branch1][C][F][F][Branch1][C][F][F],[C][Branch1][=Branch1][C][C][C][C][C][N+1][=C][C][=Branch1][=Branch1][=C][C][=C][Ring1][=Branch1][C],1328,338.15,100
"1-hexyl-4-(4-sulfobutyl)-1H-1,2,4-triazolium trifluoromethanesulfonate",[F][C][Branch1][=Branch2][S][=Branch1][C][=O][=Branch1][C][=O][O-1][Branch1][C][F][F],[C][Branch1][=Branch1][C][C][C][C][C][NH1+1][N][=C][N][Branch1][Ring2][C][Ring1][Branch1][C][C][C][C][S][=Branch1][C][=O][=Branch1][C][=O][O],1282.33,338.15,100
1-hexyl-4-cyanopyridinium bis(trifluoromethylsulfonyl)imide,[N-1][Branch1][S][S][=Branch1][C][=O][=Branch1][C][=O][C][Branch1][C][F][Branch1][C][F][F][S][=Branch1][C][=O][=Branch1][C][=O][C][Branch1][C][F][Branch1][C][F][F],[C][Branch1][=Branch1][C][C][C][C][C][N+1][=C][C][=C][Branch1][Branch1][C][=C][Ring1][=Branch1][C][#N],1371.8,338.15,101.325
1-hexyl-4-methylpyridinium bis(trifluoromethanesulfonyl)imide,[N-1][Branch1][S][S][=Branch1][C][=O][=Branch1][C][=O][C][Branch1][C][F][Branch1][C][F][F][S][=Branch1][C][=O][=Branch1][C][=O][C][Branch1][C][F][Branch1][C][F][F],[C][Branch1][=Branch1][C][C][C][C][C][N+1][=C][C][=C][Branch1][Branch1][C][=C][Ring1][=Branch1][C],1316.5,338.15,100
1-hexylpyridinium bis(fluorosulfonyl)amide,[F][S][=Branch1][C][=O][=Branch1][C][=O][N-1][S][=Branch1][C][=O][=Branch1][C][=O][F],[C][Branch1][=Branch1][C][C][C][C][C][N+1][=C][C][=C][C][=C][Ring1][=Branch1],1270.3,338.15,101.325
1-hexylpyridinium tetrafluoroborate,[F][B-1][Branch1][C][F][Branch1][C][F][F],[C][Branch1][=Branch1][C][C][C][C][C][N+1][=C][C][=C][C][=C][Ring1][=Branch1],1128.34,338.15,100
1-hexylpyridinium trifluoroacetate,[F][C][Branch1][=Branch1][C][=Branch1][C][=O][O-1][Branch1][C][F][F],[C][Branch1][=Branch1][C][C][C][C][C][N+1][=C][C][=C][C][=C][Ring1][=Branch1],1253.8,338.15,100
1-hexylquinolinium bis(trifluoromethylsulfonyl)amide,[F][C][Branch2][Ring1][Branch2][S][=Branch1][C][=O][=Branch1][C][=O][N-1][S][=Branch1][C][=O][=Branch1][C][=O][C][Branch1][C][F][Branch1][C][F][F][Branch1][C][F][F],[C][Branch1][=Branch1][C][C][C][C][C][N+1][=C][C][=C][C][=C][C][=C][C][=C][Ring1][#Branch2][Ring1][=Branch1],1353.1,338.15,101.325
1-isobutyl-1-methylpiperidinium bis((trifluoromethyl)sulfonyl)imide,[N-1][Branch1][S][S][=Branch1][C][=O][=Branch1][C][=O][C][Branch1][C][F][Branch1][C][F][F][S][=Branch1][C][=O][=Branch1][C][=O][C][Branch1][C][F][Branch1][C][F][F],[C][Branch1][=Branch1][C][Branch1][C][C][C][N+1][Branch1][Branch2][C][C][C][C][C][Ring1][=Branch1][C],1363.3,338.15,101.325
1-isobutyl-1-methylpyrrolidinium bis((trifluoromethyl)sulfonyl)imide,[N-1][Branch1][S][S][=Branch1][C][=O][=Branch1][C][=O][C][Branch1][C][F][Branch1][C][F][F][S][=Branch1][C][=O][=Branch1][C][=O][C][Branch1][C][F][Branch1][C][F][F],[C][Branch1][=Branch1][C][Branch1][C][C][C][N+1][Branch1][#Branch1][C][C][C][C][Ring1][Branch1][C],1365.2,338.15,101.325
1-isobutyl-3-methylimidazolium bis[(trifluoromethyl)sulfonyl]amide,[F][C][Branch2][Ring1][Branch2][S][=Branch1][C][=O][=Branch1][C][=O][N-1][S][=Branch1][C][=O][=Branch1][C][=O][C][Branch1][C][F][Branch1][C][F][F][Branch1][C][F][F],[C][Branch1][=Branch1][C][Branch1][C][C][C][N+1][=C][N][Branch1][Branch1][C][=C][Ring1][Branch1][C],1399.5,338.15,101.325
1-isobutyl-3-methylpyridinium bis((trifluoromethyl)sulfonyl)imide,[N-1][Branch1][S][S][=Branch1][C][=O][=Branch1][C][=O][C][Branch1][C][F][Branch1][C][F][F][S][=Branch1][C][=O][=Branch1][C][=O][C][Branch1][C][F][Branch1][C][F][F],[C][Branch1][=Branch1][C][Branch1][C][C][C][N+1][=C][C][=Branch1][=Branch1][=C][C][=C][Ring1][=Branch1][C],1376.1,338.15,101.325
"1-isopentyl-4-(4-sulfobutyl)-1H-1,2,4-triazol-4-ium trifluoromethanesulfonate",[F][C][Branch1][=Branch2][S][=Branch1][C][=O][=Branch1][C][=O][O-1][Branch1][C][F][F],[C][Branch1][#Branch1][C][C][Branch1][C][C][C][N][N][=C][N+1][=Branch1][Ring2][=C][Ring1][Branch1][C][C][C][C][S][=Branch1][C][=O][=Branch1][C][=O][O],1336.99,338.15,100
1-methyl-1-octylpyrrolidinium bis(trifluoromethylsulfonyl)amide,[F][C][Branch2][Ring1][Branch2][S][=Branch1][C][=O][=Branch1][C][=O][N-1][S][=Branch1][C][=O][=Branch1][C][=O][C][Branch1][C][F][Branch1][C][F][F][Branch1][C][F][F],[C][N+1][Branch1][#Branch1][C][C][C][C][Ring1][Branch1][C][C][C][C][C][C][C][C],1255.57,338.15,101.325
1-methyl-1-pentylpyrrolidinium bromide,[Br-1],[C][N+1][Branch1][#Branch1][C][C][C][C][Ring1][Branch1][C][C][C][C][C],1159.1,338.15,101
1-methyl-1-propylpiperidinium bis(trifluoromethylsulfonyl)imide,[N-1][Branch1][S][S][=Branch1][C][=O][=Branch1][C][=O][C][Branch1][C][F][Branch1][C][F][F][S][=Branch1][C][=O][=Branch1][C][=O][C][Branch1][C][F][Branch1][C][F][F],[C][N+1][Branch1][Branch2][C][C][C][C][C][Ring1][=Branch1][C][C][C],1375.9,338.15,101.325
1-methyl-1-propylpyrrolidinium bis(fluorosulfonyl)amide,[F][S][=Branch1][C][=O][=Branch1][C][=O][N-1][S][=Branch1][C][=O][=Branch1][C][=O][F],[C][N+1][Branch1][#Branch1][C][C][C][C][Ring1][Branch1][C][C][C],1306.6,338.15,101.325
1-methyl-1-propylpyrrolidinium bis[(trifluoromethyl)sulfonyl]imide,[N-1][Branch1][S][S][=Branch1][C][=O][=Branch1][C][=O][C][Branch1][C][F][Branch1][C][F][F][S][=Branch1][C][=O][=Branch1][C][=O][C][Branch1][C][F][Branch1][C][F][F],[C][N+1][Branch1][#Branch1][C][C][C][C][Ring1][Branch1][C][C][C],1392.292,338.15,100
1-methyl-1-propylpyrrolidinium bis[(trifluoromethyl)sulfonyl]imide,[N-1][Branch1][S][S][=Branch1][C][=O][=Branch1][C][=O][C][Branch1][C][F][Branch1][C][F][F][S][=Branch1][C][=O][=Branch1][C][=O][C][Branch1][C][F][Branch1][C][F][F],[C][N+1][Branch1][#Branch1][C][C][C][C][Ring1][Branch1][C][C][C],1392.292,338.15,101.3
1-methyl-1-propylpyrrolidinium bis[(trifluoromethyl)sulfonyl]imide,[N-1][Branch1][S][S][=Branch1][C][=O][=Branch1][C][=O][C][Branch1][C][F][Branch1][C][F][F][S][=Branch1][C][=O][=Branch1][C][=O][C][Branch1][C][F][Branch1][C][F][F],[C][N+1][Branch1][#Branch1][C][C][C][C][Ring1][Branch1][C][C][C],1392.292,338.15,101.325
1-methyl-1-propylpyrrolidinium bromide,[Br-1],[C][N+1][Branch1][#Branch1][C][C][C][C][Ring1][Branch1][C][C][C],1228.3,338.15,101
1-methyl-1-propylpyrrolidinium dicyanamide,[N-1][Branch1][Ring1][C][#N][C][#N],[C][N+1][Branch1][#Branch1][C][C][C][C][Ring1][Branch1][C][C][C],1004.3,338.15,101.325
1-methyl-3-hexylimidazolium chloroindium,[Cl][In+2],[C][N+1][=C][N][Branch1][Branch1][C][=C][Ring1][Branch1][C][C][C][C][C][C],1439,338.15,101.325
1-methyl-3-octyl-1H-imidazolium iodide,[I-1],[C][NH1+1][C][N][Branch1][Branch1][C][=C][Ring1][Branch1][C][C][C][C][C][C][C][C],1228,338.15,101.325
1-methyl-3-octylimidazolium bis(trifluoromethylsulfonyl)imide,[N-1][Branch1][S][S][=Branch1][C][=O][=Branch1][C][=O][C][Branch1][C][F][Branch1][C][F][F][S][=Branch1][C][=O][=Branch1][C][=O][C][Branch1][C][F][Branch1][C][F][F],[C][N+1][=C][N][Branch1][Branch1][C][=C][Ring1][Branch1][C][C][C][C][C][C][C][C],1285.38,338.15,101.325
1-methyl-3-octylimidazolium chloride,[Cl-1],[C][N+1][=C][N][Branch1][Branch1][C][=C][Ring1][Branch1][C][C][C][C][C][C][C][C],986.3,338.15,101.325
1-methyl-3-octylimidazolium tetracyanoborate,[C][#Branch1][C][#N][B-1][Branch1][Ring1][C][#N][Branch1][Ring1][C][#N][C][#N],[C][N+1][=C][N][Branch1][Branch1][C][=C][Ring1][Branch1][C][C][C][C][C][C][C][C],947.55,338.15,101.325
1-methyl-3-octylimidazolium tetrafluoroborate,[F][B-1][Branch1][C][F][Branch1][C][F][F],[C][N+1][=C][N][Branch1][Branch1][C][=C][Ring1][Branch1][C][C][C][C][C][C][C][C],1075.7,338.15,101.325
1-methyl-3-octylimidazolium tricyanomethanide,[C][#Branch1][C][#N][C-1][Branch1][Ring1][C][#N][C][#N],[C][N+1][=C][N][Branch1][Branch1][C][=C][Ring1][Branch1][C][C][C][C][C][C][C][C],975.25,338.15,101.325
1-methyl-3-pentylimidazolium acetate,[C][Branch1][C][C][=Branch1][C][=O][O-1],[C][N+1][=C][N][Branch1][Branch1][C][=C][Ring1][Branch1][C][C][C][C][C],1005.9,338.15,101
1-methyl-3-pentylimidazolium bis(trifluoromethylsulfonyl)imide,[N-1][Branch1][S][S][=Branch1][C][=O][=Branch1][C][=O][C][Branch1][C][F][Branch1][C][F][F][S][=Branch1][C][=O][=Branch1][C][=O][C][Branch1][C][F][Branch1][C][F][F],[C][N+1][=C][N][Branch1][Branch1][C][=C][Ring1][Branch1][C][C][C][C][C],1368.61,338.15,101.325
1-methyl-3-pentylimidazolium dihydrogen phosphate,[P][=Branch1][C][=O][Branch1][C][O][Branch1][C][O][O-1],[C][N+1][=C][N][Branch1][Branch1][C][=C][Ring1][Branch1][C][C][C][C][C],1116.6,338.15,101.325
1-methyl-3-pentyl-imidazolium tetrafluoroborate,[F][B-1][Branch1][C][F][Branch1][C][F][F],[C][N+1][=C][N][Branch1][Branch1][C][=C][Ring1][Branch1][C][C][C][C][C],1153.5,338.15,101.325
1-methyl-3-propylimidazolium bis[(trifluoromethyl)sulfonyl]imide,[N-1][Branch1][S][S][=Branch1][C][=O][=Branch1][C][=O][C][Branch1][C][F][Branch1][C][F][F][S][=Branch1][C][=O][=Branch1][C][=O][C][Branch1][C][F][Branch1][C][F][F],[C][N+1][=C][N][Branch1][Branch1][C][=C][Ring1][Branch1][C][C][C],1435.6675,338.15,101.3
1-methyl-3-propylimidazolium bis[(trifluoromethyl)sulfonyl]imide,[N-1][Branch1][S][S][=Branch1][C][=O][=Branch1][C][=O][C][Branch1][C][F][Branch1][C][F][F][S][=Branch1][C][=O][=Branch1][C][=O][C][Branch1][C][F][Branch1][C][F][F],[C][N+1][=C][N][Branch1][Branch1][C][=C][Ring1][Branch1][C][C][C],1435.6675,338.15,101.325
1-methyl-3-propylimidazolium dicyanamide,[N-1][Branch1][Ring1][C][#N][C][#N],[C][N+1][=C][N][Branch1][Branch1][C][=C][Ring1][Branch1][C][C][C],1051.1,338.15,101.3
1-methyl-3-propylimidazolium dihydrogen phosphate,[P][=Branch1][C][=O][Branch1][C][O][Branch1][C][O][O-1],[C][N+1][=C][N][Branch1][Branch1][C][=C][Ring1][Branch1][C][C][C],1167.2,338.15,101.325
1-methyl-3-propylimidazolium L-serinate,[N][C@@H1][Branch1][Ring1][C][O][C][=Branch1][C][=O][O-1],[C][N+1][=C][N][Branch1][Branch1][C][=C][Ring1][Branch1][C][C][C],1156.4,338.15,101.325
1-methylpyridinium methylsulfate,[C][O][S][=Branch1][C][=O][=Branch1][C][=O][O-1],[C][N+1][=C][C][=C][C][=C][Ring1][=Branch1],1318.1,338.15,101.325
1-octyl-3-methylimidazolium trifluoromethanesulfonate,[F][C][Branch1][=Branch2][S][=Branch1][C][=O][=Branch1][C][=O][O-1][Branch1][C][F][F],[C][Branch1][Branch2][C][C][C][C][C][C][C][N+1][=C][N][Branch1][Branch1][C][=C][Ring1][Branch1][C],1161.455,338.15,101.325
1-octylpyridinium bis((trifluoromethyl)sulfonyl)amide,[F][C][Branch2][Ring1][Branch2][S][=Branch1][C][=O][=Branch1][C][=O][N-1][S][=Branch1][C][=O][=Branch1][C][=O][C][Branch1][C][F][Branch1][C][F][F][Branch1][C][F][F],[C][Branch1][Branch2][C][C][C][C][C][C][C][N+1][=C][C][=C][C][=C][Ring1][=Branch1],1293.7,338.15,101.325
1-octylpyridinium tetrafluoroborate,[F][B-1][Branch1][C][F][Branch1][C][F][F],[C][Branch1][Branch2][C][C][C][C][C][C][C][N+1][=C][C][=C][C][=C][Ring1][=Branch1],1085.1,338.15,101.3
1-octylquinolinium bis[(trifluoromethyl)sulfonyl]imide,[N-1][Branch1][S][S][=Branch1][C][=O][=Branch1][C][=O][C][Branch1][C][F][Branch1][C][F][F][S][=Branch1][C][=O][=Branch1][C][=O][C][Branch1][C][F][Branch1][C][F][F],[C][Branch1][Branch2][C][C][C][C][C][C][C][N+1][=C][C][=C][C][=C][C][=C][C][=C][Ring1][#Branch2][Ring1][=Branch1],1305.5,338.15,101.325
1-pentylpyridinium bis(trifluoromethylsulfonyl)amide,[F][C][Branch2][Ring1][Branch2][S][=Branch1][C][=O][=Branch1][C][=O][N-1][S][=Branch1][C][=O][=Branch1][C][=O][C][Branch1][C][F][Branch1][C][F][F][Branch1][C][F][F],[C][Branch1][Branch1][C][C][C][C][N+1][=C][C][=C][C][=C][Ring1][=Branch1],1385,338.15,101.325
1-pentylpyridinium dicyanamide,[N-1][Branch1][Ring1][C][#N][C][#N],[C][Branch1][Branch1][C][C][C][C][N+1][=C][C][=C][C][=C][Ring1][=Branch1],1029.2,338.15,101.325
1-propyl-3-methylimidazolium acetate,[C][Branch1][C][C][=Branch1][C][=O][O-1],[C][Branch1][Ring1][C][C][N+1][=C][N][Branch1][Branch1][C][=C][Ring1][Branch1][C],1054.7,338.15,101
1-propyl-3-methylimidazolium tetrafluoroborate,[F][B-1][Branch1][C][F][Branch1][C][F][F],[C][Branch1][Ring1][C][C][N+1][=C][N][Branch1][Branch1][C][=C][Ring1][Branch1][C],1211.8,338.15,101.325
1-propylpyridinium bis((trifluoromethyl)sulfonyl)amide,[F][C][Branch2][Ring1][Branch2][S][=Branch1][C][=O][=Branch1][C][=O][N-1][S][=Branch1][C][=O][=Branch1][C][=O][C][Branch1][C][F][Branch1][C][F][F][Branch1][C][F][F],[C][Branch1][Ring1][C][C][N+1][=C][C][=C][C][=C][Ring1][=Branch1],1455.25,338.15,101.325
1-propylpyridinium dicyanamide,[N-1][Branch1][Ring1][C][#N][C][#N],[C][Branch1][Ring1][C][C][N+1][=C][C][=C][C][=C][Ring1][=Branch1],1065.4,338.15,101.325
1-propylpyridinium tetrafluoroborate,[F][B-1][Branch1][C][F][Branch1][C][F][F],[C][Branch1][Ring1][C][C][N+1][=C][C][=C][C][=C][Ring1][=Branch1],1224.8,338.15,101.325
1-propylpyridinium trifluoroacetate,[F][C][Branch1][=Branch1][C][=Branch1][C][=O][O-1][Branch1][C][F][F],[C][Branch1][Ring1][C][C][N+1][=C][C][=C][C][=C][Ring1][=Branch1],1356.6,338.15,100
"2,3-dimethyl-1-pentylimidazolium hydrogen sulfate",[S][=Branch1][C][=O][=Branch1][C][=O][Branch1][C][O][O-1],[C][C][=N+1][Branch1][#Branch1][C][=C][N][Ring1][Branch1][C][C][C][C][C][C],1165.2,338.15,101.325
"2,3-dimethyl-1-propylimidazolium hydrogen sulfate",[S][=Branch1][C][=O][=Branch1][C][=O][Branch1][C][O][O-1],[C][C][=N+1][Branch1][#Branch1][C][=C][N][Ring1][Branch1][C][C][C][C],1204.8,338.15,101.325
2-butyl-1-ethylpyridin-1-ium bis((trifluoromethyl)sulfonyl)imide,[N-1][Branch1][S][S][=Branch1][C][=O][=Branch1][C][=O][C][Branch1][C][F][Branch1][C][F][F][S][=Branch1][C][=O][=Branch1][C][=O][C][Branch1][C][F][Branch1][C][F][F],[C][Branch1][Ring2][C][C][C][C][=N+1][Branch1][#Branch1][C][=C][C][=C][Ring1][=Branch1][C][C],1373,338.15,101.325
2-ethyl-1-methylpyridinium methyl sulfate,[S][=Branch1][C][=O][=Branch1][C][=O][Branch1][Ring1][O][C][O-1],[C][Branch1][C][C][C][=N+1][Branch1][#Branch1][C][=C][C][=C][Ring1][=Branch1][C],1258.1,338.15,101.325
"2-hydroxy-N,N,N-trimethylethanaminium (S)-2-hydroxypropanoate",[O][C@H1][Branch1][=Branch1][C][=Branch1][C][=O][O-1][C],[O][C][C][N+1][Branch1][C][C][Branch1][C][C][C],1114.2,338.15,101.325
"2-hydroxy-N,N,N-trimethylethanaminium .beta.-alaninate",[N][C][C][C][=Branch1][C][=O][O-1],[O][C][C][N+1][Branch1][C][C][Branch1][C][C][C],1097.8,338.15,101.325
"2-hydroxy-N,N,N-trimethylethanaminium 2-(bis(2-hydroxyethyl)amino)ethanesulfonate",[O][C][C][N][Branch1][O][C][C][S][=Branch1][C][=O][=Branch1][C][=O][O-1][C][C][O],[O][C][C][N+1][Branch1][C][C][Branch1][C][C][C],1222.2,338.15,100
"2-hydroxy-N,N,N-trimethylethanaminium 2-hydroxy-3-morpholinopropanesulfonate",[O][C][Branch1][#Branch2][C][S][=Branch1][C][=O][=Branch1][C][=O][O-1][C][N][C][C][O][C][C][Ring1][=Branch1],[O][C][C][N+1][Branch1][C][C][Branch1][C][C][C],1216.5,338.15,100
"2-hydroxy-N,N,N-trimethylethanaminium 3-((1,3-dihydroxy-2-(hydroxymethyl)propan-2-yl)amino)-2-hydroxypropanesulfonate",[O][C][C][Branch1][Ring1][C][O][Branch1][Ring1][C][O][N][C][C][Branch1][#Branch2][C][S][=Branch1][C][=O][=Branch1][C][=O][O-1][O],[O][C][C][N+1][Branch1][C][C][Branch1][C][C][C],1310.3,338.15,100
"2-hydroxy-N,N,N-trimethylethanaminium glycinate",[N][C][C][=Branch1][C][=O][O-1],[O][C][C][N+1][Branch1][C][C][Branch1][C][C][C],1122.9,338.15,101.325
"2-hydroxy-N,N,N-trimethylethanaminium hexanoate",[C][Branch1][=Branch1][C][C][C][C][C][=Branch1][C][=O][O-1],[O][C][C][N+1][Branch1][C][C][Branch1][C][C][C],992.6,338.15,101.325
"2-hydroxy-N,N,N-trimethylethanaminium L-alaninate",[N][C@@H1][Branch1][C][C][C][=Branch1][C][=O][O-1],[O][C][C][N+1][Branch1][C][C][Branch1][C][C][C],1093.25,338.15,100
"2-hydroxy-N,N,N-trimethylethanaminium L-alaninate",[N][C@@H1][Branch1][C][C][C][=Branch1][C][=O][O-1],[O][C][C][N+1][Branch1][C][C][Branch1][C][C][C],1093.25,338.15,101.325
"2-hydroxy-N,N,N-trimethylethanaminium L-prolinate",[N][C@@H1][Branch1][=Branch1][C][C][C][Ring1][Branch1][C][=Branch1][C][=O][O-1],[O][C][C][N+1][Branch1][C][C][Branch1][C][C][C],1105,338.15,100
"2-hydroxy-N,N,N-trimethylethanaminium L-prolinate",[N][C@@H1][Branch1][=Branch1][C][C][C][Ring1][Branch1][C][=Branch1][C][=O][O-1],[O][C][C][N+1][Branch1][C][C][Branch1][C][C][C],1105,338.15,101.325
"2-hydroxy-N,N,N-trimethylethanaminium L-serinate",[N][C@@H1][Branch1][Ring1][C][O][C][=Branch1][C][=O][O-1],[O][C][C][N+1][Branch1][C][C][Branch1][C][C][C],1179.4,338.15,100
"2-hydroxy-N,N,N-trimethylethanaminium L-serinate",[N][C@@H1][Branch1][Ring1][C][O][C][=Branch1][C][=O][O-1],[O][C][C][N+1][Branch1][C][C][Branch1][C][C][C],1179.4,338.15,101.325
2-hydroxy-N-methylethanaminium formate,[C][=Branch1][C][=O][O-1],[O][C][C][NH2+1][C],1106.4,338.15,101.325
2-hydroxy-N-methylethanaminium isobutyrate,[C][Branch1][=Branch1][C][Branch1][C][C][C][=Branch1][C][=O][O-1],[O][C][C][NH2+1][C],1016.8,338.15,101.325
2-hydroxy-N-methylethanaminium pentanoate,[C][Branch1][Branch1][C][C][C][C][=Branch1][C][=O][O-1],[O][C][C][NH2+1][C],986.1,338.15,100
2-hydroxy-N-methylethanaminium pentanoate,[C][Branch1][Branch1][C][C][C][C][=Branch1][C][=O][O-1],[O][C][C][NH2+1][C],986.1,338.15,101.325
2-hydroxy-N-methylethanaminium propionate,[C][Branch1][Ring1][C][C][=Branch1][C][=O][O-1],[O][C][C][NH2+1][C],1042.25,338.15,100
2-hydroxy-N-methylethanaminium propionate,[C][Branch1][Ring1][C][C][=Branch1][C][=O][O-1],[O][C][C][NH2+1][C],1042.25,338.15,101.325
2-isobutoxy-2-oxoethan-1-aminium dodecyl sulfate,[S][=Branch1][C][=O][=Branch1][C][=O][Branch1][=C][O][C][C][C][C][C][C][C][C][C][C][C][C][O-1],[C][Branch1][=Branch1][C][Branch1][C][C][C][O][C][Branch1][Ring1][C][NH3+1][=O],988.2,338.15,101.325
2-isopropoxy-2-oxoethan-1-aminium dodecyl sulfate,[S][=Branch1][C][=O][=Branch1][C][=O][Branch1][=C][O][C][C][C][C][C][C][C][C][C][C][C][C][O-1],[C][Branch1][C][C][Branch1][C][C][O][C][Branch1][Ring1][C][NH3+1][=O],1000.1,338.15,101.325
2-octylisoquinolinium bis((trifluoromethyl)sulfonyl)amide,[F][C][Branch2][Ring1][Branch2][S][=Branch1][C][=O][=Branch1][C][=O][N-1][S][=Branch1][C][=O][=Branch1][C][=O][C][Branch1][C][F][Branch1][C][F][F][Branch1][C][F][F],[C][Branch1][Branch2][C][C][C][C][C][C][C][N+1][=C][C][=C][C][=C][C][=C][Ring1][=Branch1][C][=C][Ring1][#Branch2],1296.85,338.15,101
2-octylisoquinolinium thiocyanate,[S-1][C][#N],[C][Branch1][Branch2][C][C][C][C][C][C][C][N+1][=C][C][=C][C][=C][C][=C][Ring1][=Branch1][C][=C][Ring1][#Branch2],1038.9,338.15,101.325
3-(2-(butylamino)-2-oxoethyl)-1-ethyl-1H-imidazolium bis((trifluoromethyl)sulfonyl)amide,[F][C][Branch2][Ring1][Branch2][S][=Branch1][C][=O][=Branch1][C][=O][N-1][S][=Branch1][C][=O][=Branch1][C][=O][C][Branch1][C][F][Branch1][C][F][F][Branch1][C][F][F],[C][Branch1][Ring2][C][C][C][N][C][Branch1][=N][C][N][C][NH1+1][Branch1][Branch1][C][=C][Ring1][Branch1][C][C][=O],1382.3,338.15,101.325
3-(2-aminoethyl)-1-methyl-1H-imidazolium tetrafluoroborate,[F][B-1][Branch1][C][F][Branch1][C][F][F],[N][C][C][N][C][NH1+1][Branch1][Branch1][C][=C][Ring1][Branch1][C],1388.5,338.15,101.325
3-(2-cyanoethyl)-1-decyl-1H-imidazolium bromide,[Br-1],[C][#Branch1][C][#N][C][C][N][C][NH1+1][Branch1][Branch1][C][=C][Ring1][Branch1][C][C][C][C][C][C][C][C][C][C],1111.7,338.15,101.325
3-(2-cyanoethyl)-1-decylimidazolium 3-sulfobenzoate,[S][=Branch1][C][=O][=Branch1][C][=O][Branch1][C][O][C][C][=C][Branch1][=Branch1][C][=Branch1][C][=O][O-1][C][=C][C][=Ring1][=Branch2],[C][#Branch1][C][#N][C][C][N][C][=N+1][Branch1][Branch1][C][=C][Ring1][Branch1][C][C][C][C][C][C][C][C][C][C],1105.9,338.15,101.325
3-(2-cyanoethyl)-1-decylimidazolium dodecylsulfate,[C][Branch1][N][C][C][C][C][C][C][C][C][C][C][C][O][S][=Branch1][C][=O][=Branch1][C][=O][O-1],[C][#Branch1][C][#N][C][C][N][C][=N+1][Branch1][Branch1][C][=C][Ring1][Branch1][C][C][C][C][C][C][C][C][C][C],1029.9,338.15,101.325
3-(2-cyanoethyl)-1-hexyl-1H-imidazol-3-ium chloride,[Cl-1],[C][#Branch1][C][#N][C][C][N+1][=C][N][Branch1][Branch1][C][=C][Ring1][Branch1][C][C][C][C][C][C],1050.6,338.15,101.325
3-(2-cyanoethyl)-1-hexyl-1H-imidazolium 3-sulfobenzoate,[S][=Branch1][C][=O][=Branch1][C][=O][Branch1][C][O][C][C][=C][Branch1][=Branch1][C][=Branch1][C][=O][O-1][C][=C][C][=Ring1][=Branch2],[C][#Branch1][C][#N][C][C][N][C][NH1+1][Branch1][Branch1][C][=C][Ring1][Branch1][C][C][C][C][C][C],1218.6,338.15,101.325
3-(2-cyanoethyl)-1-hexyl-1H-imidazolium benzenesulfonate,[C][=Branch1][Branch2][=C][C][=C][C][=C][Ring1][=Branch1][S][=Branch1][C][=O][=Branch1][C][=O][O-1],[C][#Branch1][C][#N][C][C][N][C][NH1+1][Branch1][Branch1][C][=C][Ring1][Branch1][C][C][C][C][C][C],1196.5,338.15,101.325
3-(2-cyanoethyl)-1-hexyl-1H-imidazolium bromide,[Br-1],[C][#Branch1][C][#N][C][C][N][C][NH1+1][Branch1][Branch1][C][=C][Ring1][Branch1][C][C][C][C][C][C],1202.5,338.15,101.325
3-(2-cyanoethyl)-1-hexyl-1H-imidazolium dodecyl sulfate,[S][=Branch1][C][=O][=Branch1][C][=O][Branch1][=C][O][C][C][C][C][C][C][C][C][C][C][C][C][O-1],[C][#Branch1][C][#N][C][C][N][C][NH1+1][Branch1][Branch1][C][=C][Ring1][Branch1][C][C][C][C][C][C],1071.9,338.15,101.325
3-(2-cyanoethyl)-1-hexyl-1H-imidazolium trifluoromethanesulfonate,[F][C][Branch1][=Branch2][S][=Branch1][C][=O][=Branch1][C][=O][O-1][Branch1][C][F][F],[C][#Branch1][C][#N][C][C][N][C][NH1+1][Branch1][Branch1][C][=C][Ring1][Branch1][C][C][C][C][C][C],1256.6,338.15,101.325
3-(2-cyanoethyl)-1-octyl-1H-imidazol-3-ium 3-sulfobenzoate,[S][=Branch1][C][=O][=Branch1][C][=O][Branch1][C][O][C][C][=C][Branch1][=Branch1][C][=Branch1][C][=O][O-1][C][=C][C][=Ring1][=Branch2],[C][#Branch1][C][#N][C][C][N+1][=C][N][Branch1][Branch1][C][=C][Ring1][Branch1][C][C][C][C][C][C][C][C],1154.9,338.15,101.325
3-(2-cyanoethyl)-1-octyl-1H-imidazol-3-ium chloride,[Cl-1],[C][#Branch1][C][#N][C][C][N+1][=C][N][Branch1][Branch1][C][=C][Ring1][Branch1][C][C][C][C][C][C][C][C],1019.1,338.15,101.325
3-(2-cyanoethyl)-1-octyl-1H-imidazol-3-ium trifluoromethanesulfonate,[F][C][Branch1][=Branch2][S][=Branch1][C][=O][=Branch1][C][=O][O-1][Branch1][C][F][F],[C][#Branch1][C][#N][C][C][N+1][=C][N][Branch1][Branch1][C][=C][Ring1][Branch1][C][C][C][C][C][C][C][C],1200.5,338.15,101.325
3-(2-cyanoethyl)-1-octyl-1H-imidazolium bromide,[Br-1],[C][#Branch1][C][#N][C][C][N][C][NH1+1][Branch1][Branch1][C][=C][Ring1][Branch1][C][C][C][C][C][C][C][C],1149.5,338.15,101.325
3-(2-cyanoethyl)-1-octylimidazolium benzenesulfonate,[C][=Branch1][Branch2][=C][C][=C][C][=C][Ring1][=Branch1][S][=Branch1][C][=O][=Branch1][C][=O][O-1],[C][#Branch1][C][#N][C][C][N][C][=N+1][Branch1][Branch1][C][=C][Ring1][Branch1][C][C][C][C][C][C][C][C],1179.5,338.15,101.325
3-(2-cyanoethyl)-1-octylimidazolium decylsulfate,[C][Branch1][#Branch2][C][C][C][C][C][C][C][C][C][O][S][=Branch1][C][=O][=Branch1][C][=O][O-1],[C][#Branch1][C][#N][C][C][N][C][=N+1][Branch1][Branch1][C][=C][Ring1][Branch1][C][C][C][C][C][C][C][C],1056.1,338.15,101.325
3-(2-hydroxyethyl)-1-methyl-1H-imidazol-3-ium dicyanoazanide,[C][#Branch1][C][#N][N-1][C][#N],[O][C][C][N+1][=C][N][Branch1][Branch1][C][=C][Ring1][Branch1][C],1160.4,338.15,101.325
3-(3-allyl-1H-imidazol-3-ium-1-yl)propanenitrile thiocyanate,[S-1][C][#N],[C][Branch1][Ring1][C][=C][N+1][=C][N][Branch1][Branch1][C][=C][Ring1][Branch1][C][C][C][#N],1138.2,338.15,101.325
3-(3-benzyl-1H-imidazol-3-ium-1-yl)propanenitrile thiocyanate,[S-1][C][#N],[C][Branch1][=Branch2][C][=C][C][=C][C][=C][Ring1][=Branch1][N+1][=C][N][Branch1][Branch1][C][=C][Ring1][Branch1][C][C][C][#N],1148.6,338.15,101.325
3-(6-hydroxyhexyl)-1-methylimidazolium chloride,[Cl-1],[O][C][C][C][C][C][C][N][C][=N+1][Branch1][Branch1][C][=C][Ring1][Branch1][C],1100.8,338.15,101.325
3-(cyanomethyl)-1-methyl-1H-imidazol-3-ium bis((trifluoromethyl)sulfonyl)amide,[F][C][Branch2][Ring1][Branch2][S][=Branch1][C][=O][=Branch1][C][=O][N-1][S][=Branch1][C][=O][=Branch1][C][=O][C][Branch1][C][F][Branch1][C][F][F][Branch1][C][F][F],[C][#Branch1][C][#N][C][N+1][=C][N][Branch1][Branch1][C][=C][Ring1][Branch1][C],1570.2,338.15,101.325
"3,5-dimethyl-1-octylpyridinium bis(trifluoromethylsulfonyl)amide",[F][C][Branch2][Ring1][Branch2][S][=Branch1][C][=O][=Branch1][C][=O][N-1][S][=Branch1][C][=O][=Branch1][C][=O][C][Branch1][C][F][Branch1][C][F][F][Branch1][C][F][F],[C][C][C][=N+1][Branch1][=Branch2][C][=C][Branch1][Ring2][C][=Ring1][=Branch1][C][C][C][C][C][C][C][C][C],1252.1,338.15,101.325
3-[3-(2-hydroxyethyl)-1H-imidazol-3-ium-1-yl]propanenitrile thiocyanate,[S-1][C][#N],[O][C][C][N+1][=C][N][Branch1][Branch1][C][=C][Ring1][Branch1][C][C][C][#N],1192.6,338.15,101.325
3-allyl-1-(2-cyanoethyl)-1H-imidazolium chloride,[Cl-1],[C][Branch1][Ring1][C][=C][N][C][NH1+1][Branch1][Branch1][C][=C][Ring1][Branch1][C][C][C][#N],1147.1,338.15,101.325
3-butyl-1-(2-cyanoethyl)-1H-imidazol-3-ium chloride,[Cl-1],[C][Branch1][Ring2][C][C][C][N+1][=C][N][Branch1][Branch1][C][=C][Ring1][Branch1][C][C][C][#N],1092.8,338.15,101.325
3-butyl-1-(2-cyanoethyl)-imidazolium thiocyanate,[S-1][C][#N],[C][Branch1][Ring2][C][C][C][N][C][=N+1][Branch1][Branch1][C][=C][Ring1][Branch1][C][C][C][#N],1095.6,338.15,101.325
"3-cyano-1-hexylpyridinium 1,1,1-trifluoro-N-[(trifluoromethyl)sulfonyl]methanesulfonamide",[F][C][Branch2][Ring1][Branch2][S][=Branch1][C][=O][=Branch1][C][=O][N][S][=Branch1][C][=O][=Branch1][C][=O][C][Branch1][C][F][Branch1][C][F][F][Branch1][C][F][F],[C][#Branch1][C][#N][C][C][=N+1][Branch1][=Branch1][C][=C][C][=Ring1][=Branch1][C][C][C][C][C][C],1374.7,338.15,101.325
"3-cyano-1-octylpyridinium 1,1,1-trifluoro-N-[(trifluoromethyl)sulfonyl]methanesulfonamide",[F][C][Branch2][Ring1][Branch2][S][=Branch1][C][=O][=Branch1][C][=O][N][S][=Branch1][C][=O][=Branch1][C][=O][C][Branch1][C][F][Branch1][C][F][F][Branch1][C][F][F],[C][#Branch1][C][#N][C][C][=N+1][Branch1][=Branch1][C][=C][C][=Ring1][=Branch1][C][C][C][C][C][C][C][C],1321.7,338.15,101.325
3-decyl-1-methylimidazolium tricyanomethanide,[C][#Branch1][C][#N][C-1][Branch1][Ring1][C][#N][C][#N],[C][Branch1][#Branch2][C][C][C][C][C][C][C][C][C][N][C][=N+1][Branch1][Branch1][C][=C][Ring1][Branch1][C],958.31,338.15,101.325
3-ethyl-1-methyl-1H-imidazolium hexyl sulfate,[S][=Branch1][C][=O][=Branch1][C][=O][Branch1][Branch2][O][C][C][C][C][C][C][O-1],[C][Branch1][C][C][N][C][NH1+1][Branch1][Branch1][C][=C][Ring1][Branch1][C],1104.2,338.15,101.325
3-ethyl-1-methyl-1H-imidazolium L-serinate,[N][C@@H1][Branch1][Ring1][C][O][C][=Branch1][C][=O][O-1],[C][Branch1][C][C][N][C][NH1+1][Branch1][Branch1][C][=C][Ring1][Branch1][C],1174.25,338.15,101.325
3-ethyl-1-methylimidazolium (S)-2-hydroxypropanoate,[O][C@H1][Branch1][=Branch1][C][=Branch1][C][=O][O-1][C],[C][Branch1][C][C][N][C][=N+1][Branch1][Branch1][C][=C][Ring1][Branch1][C],1118.7,338.15,101.325
3-ethyl-1-methylimidazolium butyl sulfate,[S][=Branch1][C][=O][=Branch1][C][=O][Branch1][=Branch1][O][C][C][C][C][O-1],[C][Branch1][C][C][N][C][=N+1][Branch1][Branch1][C][=C][Ring1][Branch1][C],1149.6,338.15,101.325
3-hexyl-1-methylimidazolium acetate,[C][Branch1][C][C][=Branch1][C][=O][O-1],[C][Branch1][=Branch1][C][C][C][C][C][N][C][=N+1][Branch1][Branch1][C][=C][Ring1][Branch1][C],992.9,338.15,101
3-hexyl-1-methylimidazolium tricyanomethanide,[C][#Branch1][C][#N][C-1][Branch1][Ring1][C][#N][C][#N],[C][Branch1][=Branch1][C][C][C][C][C][N][C][=N+1][Branch1][Branch1][C][=C][Ring1][Branch1][C],994.74,338.15,101.325
3-methyl-1-pentylimidazolium dicyanamide,[N-1][Branch1][Ring1][C][#N][C][#N],[C][N][C][=N+1][Branch1][Branch1][C][=C][Ring1][Branch1][C][C][C][C][C],1024,338.15,101.3
3-methyl-1-pentylimidazolium hydrogen carbonate,[C][Branch1][C][O][Branch1][C][O-1][=O],[C][N][C][=N+1][Branch1][Branch1][C][=C][Ring1][Branch1][C][C][C][C][C],1113.8,338.15,101.325
3-methyl-1-propyl-1H-imidazolium (S)-2-amino-4-carboxybutanoate,[N][C@H1][Branch1][=Branch1][C][=Branch1][C][=O][O-1][C][C][C][=Branch1][C][=O][O],[C][N][C][NH1+1][Branch1][Branch1][C][=C][Ring1][Branch1][C][C][C],1208.2,338.15,101
3-methyl-1-propylpyridinium bis(trifluoromethylsulfonyl)imide,[N-1][Branch1][S][S][=Branch1][C][=O][=Branch1][C][=O][C][Branch1][C][F][Branch1][C][F][F][S][=Branch1][C][=O][=Branch1][C][=O][C][Branch1][C][F][Branch1][C][F][F],[C][C][C][=N+1][Branch1][=Branch1][C][=C][C][=Ring1][=Branch1][C][C][C],1412.0675,338.15,100
3-methyl-1-propylpyridinium bis(trifluoromethylsulfonyl)imide,[N-1][Branch1][S][S][=Branch1][C][=O][=Branch1][C][=O][C][Branch1][C][F][Branch1][C][F][F][S][=Branch1][C][=O][=Branch1][C][=O][C][Branch1][C][F][Branch1][C][F][F],[C][C][C][=N+1][Branch1][=Branch1][C][=C][C][=Ring1][=Branch1][C][C][C],1412.0675,338.15,101.325
4-(3-hydroxypropyl)-4-methylmorpholinium bis(trifluoromethylsulfonyl)amide,[F][C][Branch2][Ring1][Branch2][S][=Branch1][C][=O][=Branch1][C][=O][N-1][S][=Branch1][C][=O][=Branch1][C][=O][C][Branch1][C][F][Branch1][C][F][F][Branch1][C][F][F],[O][C][C][C][N+1][Branch1][Branch2][C][C][O][C][C][Ring1][=Branch1][C],1501.6,338.15,101.325
4-(3-hydroxypropyl)-4-methylmorpholinium tricyanomethanide,[C][#Branch1][C][#N][C-1][Branch1][Ring1][C][#N][C][#N],[O][C][C][C][N+1][Branch1][Branch2][C][C][O][C][C][Ring1][=Branch1][C],1137,338.15,101.325
4-ethyl-4-methylmorpholinium ethyl sulfate,[S][=Branch1][C][=O][=Branch1][C][=O][Branch1][Ring2][O][C][C][O-1],[C][Branch1][C][C][N+1][Branch1][Branch2][C][C][O][C][C][Ring1][=Branch1][C],1226.9,338.15,101
4-hexyl-4-methylmorpholinium bis((trifluoromethyl)sulfonyl)amide,[F][C][Branch2][Ring1][Branch2][S][=Branch1][C][=O][=Branch1][C][=O][N-1][S][=Branch1][C][=O][=Branch1][C][=O][C][Branch1][C][F][Branch1][C][F][F][Branch1][C][F][F],[C][Branch1][=Branch1][C][C][C][C][C][N+1][Branch1][Branch2][C][C][O][C][C][Ring1][=Branch1][C],1337.6,338.15,101.325
benzyldimethyldodecylammonium bis(trifluoromethylsulfonyl)imide,[N-1][Branch1][S][S][=Branch1][C][=O][=Branch1][C][=O][C][Branch1][C][F][Branch1][C][F][F][S][=Branch1][C][=O][=Branch1][C][=O][C][Branch1][C][F][Branch1][C][F][F],[C][Branch1][=Branch2][C][=C][C][=C][C][=C][Ring1][=Branch1][N+1][Branch1][=N][C][C][C][C][C][C][C][C][C][C][C][C][Branch1][C][C][C],1181.4,338.15,100
benzyldimethyldodecylammonium bis(trifluoromethylsulfonyl)imide,[N-1][Branch1][S][S][=Branch1][C][=O][=Branch1][C][=O][C][Branch1][C][F][Branch1][C][F][F][S][=Branch1][C][=O][=Branch1][C][=O][C][Branch1][C][F][Branch1][C][F][F],[C][Branch1][=Branch2][C][=C][C][=C][C][=C][Ring1][=Branch1][N+1][Branch1][=N][C][C][C][C][C][C][C][C][C][C][C][C][Branch1][C][C][C],1181.4,338.15,101
butyltrimethylammonium bis(trifluoromethylsulfonyl)imide,[N-1][Branch1][S][S][=Branch1][C][=O][=Branch1][C][=O][C][Branch1][C][F][Branch1][C][F][F][S][=Branch1][C][=O][=Branch1][C][=O][C][Branch1][C][F][Branch1][C][F][F],[C][Branch1][Ring2][C][C][C][N+1][Branch1][C][C][Branch1][C][C][C],1358.6,338.15,100
butyltrimethylammonium bis(trifluoromethylsulfonyl)imide,[N-1][Branch1][S][S][=Branch1][C][=O][=Branch1][C][=O][C][Branch1][C][F][Branch1][C][F][F][S][=Branch1][C][=O][=Branch1][C][=O][C][Branch1][C][F][Branch1][C][F][F],[C][Branch1][Ring2][C][C][C][N+1][Branch1][C][C][Branch1][C][C][C],1358.6,338.15,101.325
choline bis(trifluoromethylsulfonyl)imide,[N-1][Branch1][S][S][=Branch1][C][=O][=Branch1][C][=O][C][Branch1][C][F][Branch1][C][F][F][S][=Branch1][C][=O][=Branch1][C][=O][C][Branch1][C][F][Branch1][C][F][F],[O][C][C][N+1][Branch1][C][C][Branch1][C][C][C],1490.883333,338.15,100
choline bis(trifluoromethylsulfonyl)imide,[N-1][Branch1][S][S][=Branch1][C][=O][=Branch1][C][=O][C][Branch1][C][F][Branch1][C][F][F][S][=Branch1][C][=O][=Branch1][C][=O][C][Branch1][C][F][Branch1][C][F][F],[O][C][C][N+1][Branch1][C][C][Branch1][C][C][C],1490.883333,338.15,101.325
choline butanoate,[C][Branch1][Ring2][C][C][C][=Branch1][C][=O][O][C][C][N+1][Branch1][C][C][Branch1][C][C][C],[nop],1023.4,338.15,101.325
diethylammonium hydrogen sulfate,[S][=Branch1][C][=O][=Branch1][C][=O][Branch1][C][O][O-1],[C][Branch1][C][C][NH2+1][C][C],1354,338.15,100
diethylmethylsulfonium bis[(trifluoromethyl)sulfonyl]imide,[N-1][Branch1][S][S][=Branch1][C][=O][=Branch1][C][=O][C][Branch1][C][F][Branch1][C][F][F][S][=Branch1][C][=O][=Branch1][C][=O][C][Branch1][C][F][Branch1][C][F][F],[C][Branch1][C][C][S+1][Branch1][C][C][C][C],1463.8,338.15,101.325
"methyltrioctylammonium 1,1,1-trifluoro-N-[(trifluoromethyl)sulfonyl]methanesulfonamide",[F][C][Branch2][Ring1][Branch2][S][=Branch1][C][=O][=Branch1][C][=O][N][S][=Branch1][C][=O][=Branch1][C][=O][C][Branch1][C][F][Branch1][C][F][F][Branch1][C][F][F],[C][N+1][Branch1][=Branch2][C][C][C][C][C][C][C][C][Branch1][=Branch2][C][C][C][C][C][C][C][C][C][C][C][C][C][C][C][C],1071.2,338.15,101.325
methyltrioctylammonium 4-ethyloctanoate,[C][Branch1][C][C][C][Branch1][Branch2][C][C][C][=Branch1][C][=O][O-1][C][C][C][C],[C][N+1][Branch1][=Branch2][C][C][C][C][C][C][C][C][Branch1][=Branch2][C][C][C][C][C][C][C][C][C][C][C][C][C][C][C][C],866,338.15,101.325
methyltrioctylammonium oleate,[C][Branch2][Ring1][C][C][C][C][C][C][C][C][\C][=C][/C][C][C][C][C][C][C][C][=Branch1][C][=O][O-1],[C][N+1][Branch1][=Branch2][C][C][C][C][C][C][C][C][Branch1][=Branch2][C][C][C][C][C][C][C][C][C][C][C][C][C][C][C][C],863.6,338.15,101.325
N-(2-aminoethyl)hexan-1-aminium bis((trifluoromethyl)sulfonyl)amide,[F][C][Branch2][Ring1][Branch2][S][=Branch1][C][=O][=Branch1][C][=O][N-1][S][=Branch1][C][=O][=Branch1][C][=O][C][Branch1][C][F][Branch1][C][F][F][Branch1][C][F][F],[N][C][C][NH2+1][C][C][C][C][C][C],1341.4,338.15,101.325
N-(2-hydroxyethyl)benzenaminium butyrate,[C][Branch1][Ring2][C][C][C][=Branch1][C][=O][O-1],[O][C][C][NH2+1][C][=C][C][=C][C][=C][Ring1][=Branch1],1027.3,338.15,100
N-(2-hydroxyethyl)benzenaminium hexanoate,[C][Branch1][=Branch1][C][C][C][C][C][=Branch1][C][=O][O-1],[O][C][C][NH2+1][C][=C][C][=C][C][=C][Ring1][=Branch1],1001.6,338.15,100
N-(2-hydroxyethyl)benzenaminium pentanoate,[C][Branch1][Branch1][C][C][C][C][=Branch1][C][=O][O-1],[O][C][C][NH2+1][C][=C][C][=C][C][=C][Ring1][=Branch1],1007.4,338.15,100
N-(2-hydroxyethyl)benzenaminium propionate,[C][Branch1][Ring1][C][C][=Branch1][C][=O][O-1],[O][C][C][NH2+1][C][=C][C][=C][C][=C][Ring1][=Branch1],1037.6,338.15,100
"N-(2-hydroxyethyl)-N,N-dimethyl-1-propanaminium bis((trifluoromethyl)sulfonyl)amide",[F][C][Branch2][Ring1][Branch2][S][=Branch1][C][=O][=Branch1][C][=O][N-1][S][=Branch1][C][=O][=Branch1][C][=O][C][Branch1][C][F][Branch1][C][F][F][Branch1][C][F][F],[O][C][C][N+1][Branch1][Ring2][C][C][C][Branch1][C][C][C],1416.54,338.15,100
"N-(2-hydroxyethyl)-N,N-dimethylpentanaminium bis((trifluoromethyl)sulfonyl)amide",[F][C][Branch2][Ring1][Branch2][S][=Branch1][C][=O][=Branch1][C][=O][N-1][S][=Branch1][C][=O][=Branch1][C][=O][C][Branch1][C][F][Branch1][C][F][F][Branch1][C][F][F],[O][C][C][N+1][Branch1][=Branch1][C][C][C][C][C][Branch1][C][C][C],1348.05,338.15,100
N-(3-hydroxypropyl)pyridinium dicyanamide,[N-1][Branch1][Ring1][C][#N][C][#N],[O][C][C][C][N+1][=C][C][=C][C][=C][Ring1][=Branch1],1145.8,338.15,101
"N,N,N-triethyloctanaminium bis(fluorosulfonyl)amide",[F][S][=Branch1][C][=O][=Branch1][C][=O][N-1][S][=Branch1][C][=O][=Branch1][C][=O][F],[C][Branch1][C][C][N+1][Branch1][=Branch2][C][C][C][C][C][C][C][C][Branch1][Ring1][C][C][C][C],1136.9,338.15,101.325
"N,N-diethyl-2-methoxy-N-methylethan-1-aminium bis((trifluoromethyl)sulfonyl)amide",[F][C][Branch2][Ring1][Branch2][S][=Branch1][C][=O][=Branch1][C][=O][N-1][S][=Branch1][C][=O][=Branch1][C][=O][C][Branch1][C][F][Branch1][C][F][F][Branch1][C][F][F],[C][Branch1][C][C][N+1][Branch1][Branch1][C][C][O][C][Branch1][C][C][C][C],1370.65,338.15,101.325
"N,N-diethyl-2-methoxy-N-methylethan-1-aminium tetrafluoroborate",[F][B-1][Branch1][C][F][Branch1][C][F][F],[C][Branch1][C][C][N+1][Branch1][Branch1][C][C][O][C][Branch1][C][C][C][C],1151.4,338.15,101.325
"N,N-diethyl-N-methylethanaminium methyl sulfate",[S][=Branch1][C][=O][=Branch1][C][=O][Branch1][Ring1][O][C][O-1],[C][Branch1][C][C][N+1][Branch1][Ring1][C][C][Branch1][C][C][C][C],1148.3,338.15,101.325
"N,N-dimethylethanamine acetate",[C][Branch1][C][C][=Branch1][C][=O][O],[C][N][Branch1][Ring1][C][C][C],985,338.15,101.325
"N1-(2-ethylhexyl)ethane-1,2-diamine trifluoromethanesulfonate",[F][C][Branch1][=Branch2][S][=Branch1][C][=O][=Branch1][C][=O][O][Branch1][C][F][F],[C][Branch1][C][C][C][Branch1][=Branch1][C][N][C][C][N][C][C][C][C],1185.7,338.15,101.325
"N-butyl-N,N-dimethyl-N-(2-hydroxyethyl)ammonium bis(trifluoromethanesulfonyl)imide",[N-1][Branch1][S][S][=Branch1][C][=O][=Branch1][C][=O][C][Branch1][C][F][Branch1][C][F][F][S][=Branch1][C][=O][=Branch1][C][=O][C][Branch1][C][F][Branch1][C][F][F],[C][Branch1][Ring2][C][C][C][N+1][Branch1][Ring2][C][C][O][Branch1][C][C][C],1379.98,338.15,100
N-ethylmorpholinium decanoate,[C][Branch1][#Branch2][C][C][C][C][C][C][C][C][C][=Branch1][C][=O][O-1],[C][Branch1][C][C][NH1+1][C][C][O][C][C][Ring1][=Branch1],869.8,338.15,101.325
N-ethylmorpholinium hexanoate,[C][Branch1][=Branch1][C][C][C][C][C][=Branch1][C][=O][O-1],[C][Branch1][C][C][NH1+1][C][C][O][C][C][Ring1][=Branch1],901,338.15,101.325
"N-ethyl-N,N-dimethyl-1-propanaminium 1,1,1-trifluoro-N-[(trifluoromethyl)sulfonyl]methanesulfonamide",[F][C][Branch2][Ring1][Branch2][S][=Branch1][C][=O][=Branch1][C][=O][N][S][=Branch1][C][=O][=Branch1][C][=O][C][Branch1][C][F][Branch1][C][F][F][Branch1][C][F][F],[C][Branch1][C][C][N+1][Branch1][Ring2][C][C][C][Branch1][C][C][C],1366.49,338.15,101.325
N-ethyl-N-methylmorpholinium dicyanamide,[N-1][Branch1][Ring1][C][#N][C][#N],[C][Branch1][C][C][N+1][Branch1][Branch2][C][C][O][C][C][Ring1][=Branch1][C],1099.7,338.15,101.325
N-ethyl-N-methylmorpholinium glycolate,[C][Branch1][Ring1][C][O][=Branch1][C][=O][O-1],[C][Branch1][C][C][N+1][Branch1][Branch2][C][C][O][C][C][Ring1][=Branch1][C],1207.2,338.15,100
N-methyl-2-hydroxyethylammonium acetate,[C][Branch1][C][C][=Branch1][C][=O][O-1],[C][NH2+1][C][C][O],1076.2,338.15,101.325
N-methyl-2-hydroxyethylammonium butanoate,[C][Branch1][Ring2][C][C][C][=Branch1][C][=O][O-1],[C][NH2+1][C][C][O],1010.15,338.15,100
N-methyl-2-hydroxyethylammonium butanoate,[C][Branch1][Ring2][C][C][C][=Branch1][C][=O][O-1],[C][NH2+1][C][C][O],1010.15,338.15,101.325
N-methyl-2-oxopyrrolidinium acetate,[C][Branch1][C][C][=Branch1][C][=O][O-1],[C][NH1+1][C][Branch1][=Branch1][C][C][C][Ring1][Branch1][=O],1008.75,338.15,101.325
N-methyl-2-oxopyrrolidinium butanoate,[C][Branch1][Ring2][C][C][C][=Branch1][C][=O][O-1],[C][NH1+1][C][Branch1][=Branch1][C][C][C][Ring1][Branch1][=O],970.26,338.15,101.325
N-methyl-2-oxopyrrolidinium formate,[C][=Branch1][C][=O][O-1],[C][NH1+1][C][Branch1][=Branch1][C][C][C][Ring1][Branch1][=O],1033.66,338.15,101.325
N-methyl-2-oxopyrrolidinium hexanoate,[C][Branch1][=Branch1][C][C][C][C][C][=Branch1][C][=O][O-1],[C][NH1+1][C][Branch1][=Branch1][C][C][C][Ring1][Branch1][=O],945.04,338.15,101.325
N-methyl-2-oxopyrrolidinium pentanoate,[C][Branch1][Branch1][C][C][C][C][=Branch1][C][=O][O-1],[C][NH1+1][C][Branch1][=Branch1][C][C][C][Ring1][Branch1][=O],955.36,338.15,101.325
N-methyl-2-oxopyrrolidinium propionate,[C][Branch1][Ring1][C][C][=Branch1][C][=O][O-1],[C][NH1+1][C][Branch1][=Branch1][C][C][C][Ring1][Branch1][=O],991.12,338.15,101.325
N-methylmorpholinium decanoate,[C][Branch1][#Branch2][C][C][C][C][C][C][C][C][C][=Branch1][C][=O][O-1],[C][NH1+1][C][C][O][C][C][Ring1][=Branch1],862.8,338.15,101.325
N-methylmorpholinium hexanoate,[C][Branch1][=Branch1][C][C][C][C][C][=Branch1][C][=O][O-1],[C][NH1+1][C][C][O][C][C][Ring1][=Branch1],894.7,338.15,101.325
propylammonium acetate,[C][Branch1][C][C][=Branch1][C][=O][O-1],[C][Branch1][Ring1][C][C][NH3+1],962.2,338.15,101.325
propylammonium formate,[C][=Branch1][C][=O][O-1],[C][Branch1][Ring1][C][C][NH3+1],972.1,338.15,101.325
tetrabutylammonium 2-(bis(2-hydroxyethyl)amino)ethanesulfonate,[O][C][C][N][Branch1][O][C][C][S][=Branch1][C][=O][=Branch1][C][=O][O-1][C][C][O],[C][Branch1][Ring2][C][C][C][N+1][Branch1][Branch1][C][C][C][C][Branch1][Branch1][C][C][C][C][C][C][C][C],1038.4,338.15,100
tetrabutylammonium 2-hydroxy-3-morpholinopropanesulfonate,[O][C][Branch1][#Branch2][C][S][=Branch1][C][=O][=Branch1][C][=O][O-1][C][N][C][C][O][C][C][Ring1][=Branch1],[C][Branch1][Ring2][C][C][C][N+1][Branch1][Branch1][C][C][C][C][Branch1][Branch1][C][C][C][C][C][C][C][C],1033.1,338.15,100
tetrabutylammonium 3-(cyclohexylamino)-2-hydroxypropanesulfonate,[C][Branch1][Branch2][C][C][C][C][C][Ring1][=Branch1][N][C][C][Branch1][#Branch2][C][S][=Branch1][C][=O][=Branch1][C][=O][O-1][O],[C][Branch1][Ring2][C][C][C][N+1][Branch1][Branch1][C][C][C][C][Branch1][Branch1][C][C][C][C][C][C][C][C],1002.8,338.15,100
tetrabutylphosphonium 2-(bis(2-hydroxyethyl)amino)ethanesulfonate,[O][C][C][N][Branch1][O][C][C][S][=Branch1][C][=O][=Branch1][C][=O][O-1][C][C][O],[C][Branch1][Ring2][C][C][C][P+1][Branch1][Branch1][C][C][C][C][Branch1][Branch1][C][C][C][C][C][C][C][C],1038.4,338.15,100
tetrabutylphosphonium 2-hydroxy-3-morpholinopropanesulfonate,[O][C][Branch1][#Branch2][C][S][=Branch1][C][=O][=Branch1][C][=O][O-1][C][N][C][C][O][C][C][Ring1][=Branch1],[C][Branch1][Ring2][C][C][C][P+1][Branch1][Branch1][C][C][C][C][Branch1][Branch1][C][C][C][C][C][C][C][C],1032.1,338.15,100
tetrabutylphosphonium 3-(cyclohexylamino)-2-hydroxypropanesulfonate,[C][Branch1][Branch2][C][C][C][C][C][Ring1][=Branch1][N][C][C][Branch1][#Branch2][C][S][=Branch1][C][=O][=Branch1][C][=O][O-1][O],[C][Branch1][Ring2][C][C][C][P+1][Branch1][Branch1][C][C][C][C][Branch1][Branch1][C][C][C][C][C][C][C][C],1006.8,338.15,100
tetradecyl(trihexyl)phosphonium dicyanamide,[N-1][Branch1][Ring1][C][#N][C][#N],[C][Branch1][=C][C][C][C][C][C][C][C][C][C][C][C][C][C][P+1][Branch1][#Branch1][C][C][C][C][C][C][Branch1][#Branch1][C][C][C][C][C][C][C][C][C][C][C][C],876.3,338.15,101.325
tetradecyltrihexylphosphonium bromide,[Br-1],[C][Branch1][=C][C][C][C][C][C][C][C][C][C][C][C][C][C][P+1][Branch1][#Branch1][C][C][C][C][C][C][Branch1][#Branch1][C][C][C][C][C][C][C][C][C][C][C][C],932.35,338.15,101.325
tetrahexylammonium oleate,[C][Branch2][Ring1][C][C][C][C][C][C][C][C][\C][=C][/C][C][C][C][C][C][C][C][=Branch1][C][=O][O-1],[C][Branch1][=Branch1][C][C][C][C][C][N+1][Branch1][#Branch1][C][C][C][C][C][C][Branch1][#Branch1][C][C][C][C][C][C][C][C][C][C][C][C],862.9,338.15,101.325
tetraoctylammonium oleate,[C][Branch2][Ring1][C][C][C][C][C][C][C][C][\C][=C][/C][C][C][C][C][C][C][C][=Branch1][C][=O][O-1],[C][Branch1][Branch2][C][C][C][C][C][C][C][N+1][Branch1][=Branch2][C][C][C][C][C][C][C][C][Branch1][=Branch2][C][C][C][C][C][C][C][C][C][C][C][C][C][C][C][C],851.1,338.15,101.325
tetraoctylphosphonium bis((trifluoromethyl)sulfonyl)amide,[F][C][Branch2][Ring1][Branch2][S][=Branch1][C][=O][=Branch1][C][=O][N-1][S][=Branch1][C][=O][=Branch1][C][=O][C][Branch1][C][F][Branch1][C][F][F][Branch1][C][F][F],[C][Branch1][Branch2][C][C][C][C][C][C][C][P+1][Branch1][=Branch2][C][C][C][C][C][C][C][C][Branch1][=Branch2][C][C][C][C][C][C][C][C][C][C][C][C][C][C][C][C],1037.8,338.15,101.325
tetraoctylphosphonium bromide,[Br-1],[C][Branch1][Branch2][C][C][C][C][C][C][C][P+1][Branch1][=Branch2][C][C][C][C][C][C][C][C][Branch1][=Branch2][C][C][C][C][C][C][C][C][C][C][C][C][C][C][C][C],932.9,338.15,101.325
tributylammonium bis((trifluoromethyl)sulfonyl)amide,[F][C][Branch2][Ring1][Branch2][S][=Branch1][C][=O][=Branch1][C][=O][N-1][S][=Branch1][C][=O][=Branch1][C][=O][C][Branch1][C][F][Branch1][C][F][F][Branch1][C][F][F],[C][Branch1][Ring2][C][C][C][NH1+1][Branch1][Branch1][C][C][C][C][C][C][C][C],1205.1,338.15,101.325
tributylammonium chloride,[Cl-1],[C][Branch1][Ring2][C][C][C][NH1+1][Branch1][Branch1][C][C][C][C][C][C][C][C],1072.61,338.15,101.325
tributylethylphosphonium diethylphosphate,[C][Branch1][C][C][O][P][=Branch1][C][=O][Branch1][Ring2][O][C][C][O-1],[C][Branch1][Ring2][C][C][C][P+1][Branch1][Ring1][C][C][Branch1][Branch1][C][C][C][C][C][C][C][C],979.1,338.15,101
tributylethylphosphonium diethylphosphate,[C][Branch1][C][C][O][P][=Branch1][C][=O][Branch1][Ring2][O][C][C][O-1],[C][Branch1][Ring2][C][C][C][P+1][Branch1][Ring1][C][C][Branch1][Branch1][C][C][C][C][C][C][C][C],979.1,338.15,101.325
tributylmethylammonium bis((trifluoromethyl)sulfonyl)imide,[N-1][Branch1][S][S][=Branch1][C][=O][=Branch1][C][=O][C][Branch1][C][F][Branch1][C][F][F][S][=Branch1][C][=O][=Branch1][C][=O][C][Branch1][C][F][Branch1][C][F][F],[C][Branch1][Ring2][C][C][C][N+1][Branch1][C][C][Branch1][Branch1][C][C][C][C][C][C][C][C],1229.5,338.15,101.325
tributylmethylphosphonium methyl sulfate,[S][=Branch1][C][=O][=Branch1][C][=O][Branch1][Ring1][O][C][O-1],[C][Branch1][Ring2][C][C][C][P+1][Branch1][C][C][Branch1][Branch1][C][C][C][C][C][C][C][C],1038.6,338.15,101.325
tributyloctylphosphonium chloride,[Cl-1],[C][Branch1][Ring2][C][C][C][P+1][Branch1][=Branch2][C][C][C][C][C][C][C][C][Branch1][Branch1][C][C][C][C][C][C][C][C],901.7,338.15,101.325
triethylammonium acetate,[C][Branch1][C][C][=Branch1][C][=O][O-1],[C][Branch1][C][C][NH1+1][Branch1][Ring1][C][C][C][C],979.3,338.15,100
triethylammonium dihydrogen phosphate,[P][=Branch1][C][=O][Branch1][C][O][Branch1][C][O][O-1],[C][Branch1][C][C][NH1+1][Branch1][Ring1][C][C][C][C],1329,338.15,100
triethylsulfonium bis((trifluoromethyl)sulfonyl)imide,[N-1][Branch1][S][S][=Branch1][C][=O][=Branch1][C][=O][C][Branch1][C][F][Branch1][C][F][F][S][=Branch1][C][=O][=Branch1][C][=O][C][Branch1][C][F][Branch1][C][F][F],[C][Branch1][C][C][S+1][Branch1][Ring1][C][C][C][C],1422.95,338.15,100
triethylsulfonium bis((trifluoromethyl)sulfonyl)imide,[N-1][Branch1][S][S][=Branch1][C][=O][=Branch1][C][=O][C][Branch1][C][F][Branch1][C][F][F][S][=Branch1][C][=O][=Branch1][C][=O][C][Branch1][C][F][Branch1][C][F][F],[C][Branch1][C][C][S+1][Branch1][Ring1][C][C][C][C],1422.95,338.15,101.325
trihexyl(tetradecyl)phosphonium bis[(trifluoromethyl)sulfonyl]imide,[N-1][Branch1][S][S][=Branch1][C][=O][=Branch1][C][=O][C][Branch1][C][F][Branch1][C][F][F][S][=Branch1][C][=O][=Branch1][C][=O][C][Branch1][C][F][Branch1][C][F][F],[C][Branch1][=Branch1][C][C][C][C][C][P+1][Branch1][#C][C][C][C][C][C][C][C][C][C][C][C][C][C][C][Branch1][#Branch1][C][C][C][C][C][C][C][C][C][C][C][C],1037.3,338.15,101.325
trihexyl(tetradecyl)phosphonium chloride,[Cl-1],[C][Branch1][=Branch1][C][C][C][C][C][P+1][Branch1][#C][C][C][C][C][C][C][C][C][C][C][C][C][C][C][Branch1][#Branch1][C][C][C][C][C][C][C][C][C][C][C][C],866.6,338.15,101.325
trihexylammonium butanoate,[C][Branch1][Ring2][C][C][C][=Branch1][C][=O][O-1],[C][Branch1][=Branch1][C][C][C][C][C][NH1+1][Branch1][#Branch1][C][C][C][C][C][C][C][C][C][C][C][C],814.5,338.15,101.325
trihexylammonium hexanoate,[C][Branch1][=Branch1][C][C][C][C][C][=Branch1][C][=O][O-1],[C][Branch1][=Branch1][C][C][C][C][C][NH1+1][Branch1][#Branch1][C][C][C][C][C][C][C][C][C][C][C][C],817,338.15,101.325
trihexylammonium octanoate,[C][Branch1][Branch2][C][C][C][C][C][C][C][=Branch1][C][=O][O-1],[C][Branch1][=Branch1][C][C][C][C][C][NH1+1][Branch1][#Branch1][C][C][C][C][C][C][C][C][C][C][C][C],818.9,338.15,101.325
"trihexyltetradecylphosphonium bis(2,4,4-trimethylpentyl)phosphinate",[C][C][Branch2][Ring1][#Branch1][C][P][Branch1][C][O-1][=Branch1][C][=O][C][C][Branch1][#Branch2][C][C][Branch1][C][C][Branch1][C][C][C][C][C][C][Branch1][C][C][Branch1][C][C][C],[C][Branch1][=Branch1][C][C][C][C][C][P+1][Branch1][#C][C][C][C][C][C][C][C][C][C][C][C][C][C][C][Branch1][#Branch1][C][C][C][C][C][C][C][C][C][C][C][C],861.35,338.15,100
"trihexyltetradecylphosphonium bis(2,4,4-trimethylpentyl)phosphinate",[C][C][Branch2][Ring1][#Branch1][C][P][Branch1][C][O-1][=Branch1][C][=O][C][C][Branch1][#Branch2][C][C][Branch1][C][C][Branch1][C][C][C][C][C][C][Branch1][C][C][Branch1][C][C][C],[C][Branch1][=Branch1][C][C][C][C][C][P+1][Branch1][#C][C][C][C][C][C][C][C][C][C][C][C][C][C][C][Branch1][#Branch1][C][C][C][C][C][C][C][C][C][C][C][C],861.35,338.15,101.325
trihexyltetradecylphosphonium decanoate,[C][Branch1][#Branch2][C][C][C][C][C][C][C][C][C][=Branch1][C][=O][O-1],[C][Branch1][=Branch1][C][C][C][C][C][P+1][Branch1][#C][C][C][C][C][C][C][C][C][C][C][C][C][C][C][Branch1][#Branch1][C][C][C][C][C][C][C][C][C][C][C][C],856.2,338.15,101.325
trihexyltetradecylphosphonium methanesulfonate,[C][S][=Branch1][C][=O][=Branch1][C][=O][O-1],[C][Branch1][=Branch1][C][C][C][C][C][P+1][Branch1][#C][C][C][C][C][C][C][C][C][C][C][C][C][C][C][Branch1][#Branch1][C][C][C][C][C][C][C][C][C][C][C][C],904.1,338.15,101.325
trihexyltetradecylphosphonium tetracyanoborate,[C][#Branch1][C][#N][B-1][Branch1][Ring1][C][#N][Branch1][Ring1][C][#N][C][#N],[C][Branch1][=Branch1][C][C][C][C][C][P+1][Branch1][#C][C][C][C][C][C][C][C][C][C][C][C][C][C][C][Branch1][#Branch1][C][C][C][C][C][C][C][C][C][C][C][C],867.25,338.15,101.325
triisobutylmethylphosphonium p-toluenesulfonate,[C][C][=C][C][=C][Branch1][Branch1][C][=C][Ring1][=Branch1][S][=Branch1][C][=O][=Branch1][C][=O][O-1],[C][Branch1][=Branch1][C][Branch1][C][C][C][P+1][Branch1][C][C][Branch1][#Branch1][C][C][Branch1][C][C][C][C][C][Branch1][C][C][C],1048.8,338.15,101.325
trioctylammonium butanoate,[C][Branch1][Ring2][C][C][C][=Branch1][C][=O][O-1],[C][Branch1][Branch2][C][C][C][C][C][C][C][NH1+1][Branch1][=Branch2][C][C][C][C][C][C][C][C][C][C][C][C][C][C][C][C],814,338.15,101.325
trioctylammonium hexanoate,[C][Branch1][=Branch1][C][C][C][C][C][=Branch1][C][=O][O-1],[C][Branch1][Branch2][C][C][C][C][C][C][C][NH1+1][Branch1][=Branch2][C][C][C][C][C][C][C][C][C][C][C][C][C][C][C][C],816.6,338.15,101.325
trioctylammonium octanoate,[C][Branch1][Branch2][C][C][C][C][C][C][C][=Branch1][C][=O][O-1],[C][Branch1][Branch2][C][C][C][C][C][C][C][NH1+1][Branch1][=Branch2][C][C][C][C][C][C][C][C][C][C][C][C][C][C][C][C],818.5,338.15,101.325
